LLAVE,CANAL,CATEGORIA,TIPO_PROD,FABRICACION,PIEZAS,SUB_TOTAL,COSTO
ADUANA LEONALMACEN GENERAL MPMATERIA PRIMA,ADUANA LEON,ALMACEN GENERAL MP,MATERIA PRIMA,,0,0,0
BOUTIQUE170 FORUM BUENAVISTACALZADOARMADO,BOUTIQUE,170 FORUM BUENAVISTA,CALZADO,ARMADO,7197,4506166.73,1688598.97
BOUTIQUE170 FORUM BUENAVISTACALZADOINYECTADO,BOUTIQUE,170 FORUM BUENAVISTA,CALZADO,INYECTADO,2305,751059.24,315042.3932
BOUTIQUE160 GRAN PATIO CHALCOCALZADOARMADO,BOUTIQUE,160 GRAN PATIO CHALCO,CALZADO,ARMADO,3280,1985867.84,760472.1206
BOUTIQUE155 TOWN CENTER NICOLAS ROMEROCALZADOARMADO,BOUTIQUE,155 TOWN CENTER NICOLAS ROMERO,CALZADO,ARMADO,3775,2161101.25,866986.3669
BOUTIQUE155 TOWN CENTER NICOLAS ROMEROCALZADOINYECTADO,BOUTIQUE,155 TOWN CENTER NICOLAS ROMERO,CALZADO,INYECTADO,1411,415235.76,188497.0993
BOUTIQUE172 COSMOPOLCALZADOARMADO,BOUTIQUE,172 COSMOPOL,CALZADO,ARMADO,4236,2590523,985407.5765
BOUTIQUE170 FORUM BUENAVISTAROPASUDADERA,BOUTIQUE,170 FORUM BUENAVISTA,ROPA,SUDADERA,137,74925.22,32804.5
BOUTIQUE146 CHALCOCALZADOARMADO,BOUTIQUE,146 CHALCO,CALZADO,ARMADO,5408,3215492.17,1228575.328
BOUTIQUE159 TOWN CENTER ZUMPANGOCALZADOARMADO,BOUTIQUE,159 TOWN CENTER ZUMPANGO,CALZADO,ARMADO,3550,2145072.35,820703.0038
BOUTIQUE150 LAS AMERICAS ECATEPECROPAPLAYERA,BOUTIQUE,150 LAS AMERICAS ECATEPEC,ROPA,PLAYERA,114,31384.12,13399
BOUTIQUE158 SENDERO IXTAPALUCACALZADOARMADO,BOUTIQUE,158 SENDERO IXTAPALUCA,CALZADO,ARMADO,5136,3039373.77,1190787.093
BOUTIQUE150 LAS AMERICAS ECATEPECROPASUDADERA,BOUTIQUE,150 LAS AMERICAS ECATEPEC,ROPA,SUDADERA,138,75968.56,32107.5
BOUTIQUE161 GRAN PATIO ECATEPECCALZADOARMADO,BOUTIQUE,161 GRAN PATIO ECATEPEC,CALZADO,ARMADO,3374,1955533.82,773973.03
BOUTIQUE146 CHALCOCALZADOINYECTADO,BOUTIQUE,146 CHALCO,CALZADO,INYECTADO,2074,660381.63,273933.2813
BOUTIQUE151 SENDERO TOLUCACALZADOARMADO,BOUTIQUE,151 SENDERO TOLUCA,CALZADO,ARMADO,3609,2182368.82,827711.9148
BOUTIQUE151 SENDERO TOLUCACALZADOINYECTADO,BOUTIQUE,151 SENDERO TOLUCA,CALZADO,INYECTADO,1602,546850.96,214697.5724
BOUTIQUE171 TLALNEPANTLA CENTROCALZADOARMADO,BOUTIQUE,171 TLALNEPANTLA CENTRO,CALZADO,ARMADO,4658,2169743.49,1051174.838
BOUTIQUE160 GRAN PATIO CHALCOROPACHAMARRA,BOUTIQUE,160 GRAN PATIO CHALCO,ROPA,CHAMARRA,42,21523.26,10980.43
BOUTIQUE160 GRAN PATIO CHALCOACCESORIOSBOLSA,BOUTIQUE,160 GRAN PATIO CHALCO,ACCESORIOS,BOLSA,186,8528.78,5064
BOUTIQUE150 LAS AMERICAS ECATEPECCALZADOARMADO,BOUTIQUE,150 LAS AMERICAS ECATEPEC,CALZADO,ARMADO,4368,2616163.09,1011036.891
BOUTIQUE101 ARAGONCALZADOARMADO,BOUTIQUE,101 ARAGON,CALZADO,ARMADO,4303,2598857.62,996966.2862
BOUTIQUE168 CENTRO SAN MIGUELCALZADOARMADO,BOUTIQUE,168 CENTRO SAN MIGUEL,CALZADO,ARMADO,3424,1974677.18,793642.9058
BOUTIQUE157 PLAZA ERMITACALZADOINYECTADO,BOUTIQUE,157 PLAZA ERMITA,CALZADO,INYECTADO,1484,458297.04,199142.9029
BOUTIQUE101 ARAGONACCESORIOSLIMPIEZA,BOUTIQUE,101 ARAGON,ACCESORIOS,LIMPIEZA,47,6648.27,2110.03
BOUTIQUE169 GRAN SURCALZADOARMADO,BOUTIQUE,169 GRAN SUR,CALZADO,ARMADO,4584,2770446.43,1061959.103
BOUTIQUE170 FORUM BUENAVISTAROPAPLAYERA,BOUTIQUE,170 FORUM BUENAVISTA,ROPA,PLAYERA,130,34622.68,15113
BOUTIQUE159 TOWN CENTER ZUMPANGOCALZADOINYECTADO,BOUTIQUE,159 TOWN CENTER ZUMPANGO,CALZADO,INYECTADO,1400,449282.99,186310.7976
BOUTIQUE101 ARAGONCALZADOINYECTADO,BOUTIQUE,101 ARAGON,CALZADO,INYECTADO,2062,668516.07,275852.6119
BOUTIQUE167 CENTRAM MARTIN CARRERAROPAPLAYERA,BOUTIQUE,167 CENTRAM MARTIN CARRERA,ROPA,PLAYERA,35,8974.73,4093
BOUTIQUE167 CENTRAM MARTIN CARRERAROPASUDADERA,BOUTIQUE,167 CENTRAM MARTIN CARRERA,ROPA,SUDADERA,56,28926.41,13307
BOUTIQUE167 CENTRAM MARTIN CARRERACALZADOARMADO,BOUTIQUE,167 CENTRAM MARTIN CARRERA,CALZADO,ARMADO,1501,883300.07,345197.7837
BOUTIQUE172 COSMOPOLCALZADOINYECTADO,BOUTIQUE,172 COSMOPOL,CALZADO,INYECTADO,1308,422682.41,175901.9315
BOUTIQUE150 LAS AMERICAS ECATEPECCALZADOINYECTADO,BOUTIQUE,150 LAS AMERICAS ECATEPEC,CALZADO,INYECTADO,1495,489077.18,201830.9727
BOUTIQUE157 PLAZA ERMITACALZADOARMADO,BOUTIQUE,157 PLAZA ERMITA,CALZADO,ARMADO,4062,2407132.76,936639.5026
BOUTIQUE157 PLAZA ERMITAROPASUDADERA,BOUTIQUE,157 PLAZA ERMITA,ROPA,SUDADERA,82,44709.42,19042.5
BOUTIQUE158 SENDERO IXTAPALUCACALZADOINYECTADO,BOUTIQUE,158 SENDERO IXTAPALUCA,CALZADO,INYECTADO,1822,543739.08,243840.9321
BOUTIQUE171 TLALNEPANTLA CENTROROPACHAMARRA,BOUTIQUE,171 TLALNEPANTLA CENTRO,ROPA,CHAMARRA,69,30545.63,21052.86
BOUTIQUE160 GRAN PATIO CHALCOCALZADOINYECTADO,BOUTIQUE,160 GRAN PATIO CHALCO,CALZADO,INYECTADO,1221,379057.02,162126.626
BOUTIQUE170 FORUM BUENAVISTAROPACHAMARRA,BOUTIQUE,170 FORUM BUENAVISTA,ROPA,CHAMARRA,51,27568.08,13605.43
BOUTIQUE156 TOWN CENTER EL ROSARIOCALZADOARMADO,BOUTIQUE,156 TOWN CENTER EL ROSARIO,CALZADO,ARMADO,4233,2603970.79,988434.972
BOUTIQUE168 CENTRO SAN MIGUELACCESORIOSPERFUME,BOUTIQUE,168 CENTRO SAN MIGUEL,ACCESORIOS,PERFUME,152,15919.23,5320
BOUTIQUE169 GRAN SURCALZADOINYECTADO,BOUTIQUE,169 GRAN SUR,CALZADO,INYECTADO,1693,563922.15,226122.5152
BOUTIQUE172 COSMOPOLACCESORIOSLLAVERO,BOUTIQUE,172 COSMOPOL,ACCESORIOS,LLAVERO,40,1126.88,360
BOUTIQUE158 SENDERO IXTAPALUCAROPACHAMARRA,BOUTIQUE,158 SENDERO IXTAPALUCA,ROPA,CHAMARRA,41,22230.13,11257.98
BOUTIQUE160 GRAN PATIO CHALCOACCESORIOSPERFUME,BOUTIQUE,160 GRAN PATIO CHALCO,ACCESORIOS,PERFUME,97,10034.65,3395
BOUTIQUE158 SENDERO IXTAPALUCAROPASUDADERA,BOUTIQUE,158 SENDERO IXTAPALUCA,ROPA,SUDADERA,131,72312.29,30933
BOUTIQUE101 ARAGONACCESORIOSLLAVERO,BOUTIQUE,101 ARAGON,ACCESORIOS,LLAVERO,52,1737.8,569
BOUTIQUE146 CHALCOROPACHAMARRA,BOUTIQUE,146 CHALCO,ROPA,CHAMARRA,34,17307.83,9826.81
BOUTIQUE168 CENTRO SAN MIGUELCALZADOINYECTADO,BOUTIQUE,168 CENTRO SAN MIGUEL,CALZADO,INYECTADO,1196,362559.39,158673.5371
BOUTIQUE158 SENDERO IXTAPALUCAACCESORIOSPERFUME,BOUTIQUE,158 SENDERO IXTAPALUCA,ACCESORIOS,PERFUME,136,14296.78,4760
BOUTIQUE158 SENDERO IXTAPALUCAACCESORIOSPLANTILLA,BOUTIQUE,158 SENDERO IXTAPALUCA,ACCESORIOS,PLANTILLA,74,3146.3,1050.8
BOUTIQUE167 CENTRAM MARTIN CARRERACALZADOINYECTADO,BOUTIQUE,167 CENTRAM MARTIN CARRERA,CALZADO,INYECTADO,627,204121.73,86149.2357
BOUTIQUE171 TLALNEPANTLA CENTROCALZADOINYECTADO,BOUTIQUE,171 TLALNEPANTLA CENTRO,CALZADO,INYECTADO,1892,432364.1,246277.1951
BOUTIQUE171 TLALNEPANTLA CENTROACCESORIOSLIMPIEZA,BOUTIQUE,171 TLALNEPANTLA CENTRO,ACCESORIOS,LIMPIEZA,36,5167.22,1629.94
BOUTIQUE155 TOWN CENTER NICOLAS ROMEROROPAPLAYERA,BOUTIQUE,155 TOWN CENTER NICOLAS ROMERO,ROPA,PLAYERA,106,28004.8,12626
BOUTIQUE161 GRAN PATIO ECATEPECROPASUDADERA,BOUTIQUE,161 GRAN PATIO ECATEPEC,ROPA,SUDADERA,82,46174.83,19276.5
BOUTIQUE156 TOWN CENTER EL ROSARIOCALZADOINYECTADO,BOUTIQUE,156 TOWN CENTER EL ROSARIO,CALZADO,INYECTADO,1288,435557.84,174330.2481
BOUTIQUE161 GRAN PATIO ECATEPECCALZADOINYECTADO,BOUTIQUE,161 GRAN PATIO ECATEPEC,CALZADO,INYECTADO,1346,423583.31,179412.0715
BOUTIQUE167 CENTRAM MARTIN CARRERAACCESORIOSPERFUME,BOUTIQUE,167 CENTRAM MARTIN CARRERA,ACCESORIOS,PERFUME,67,6920.8,2345
BOUTIQUE171 TLALNEPANTLA CENTROROPASUDADERA,BOUTIQUE,171 TLALNEPANTLA CENTRO,ROPA,SUDADERA,113,54504.13,26535.5
BOUTIQUE155 TOWN CENTER NICOLAS ROMEROROPACHAMARRA,BOUTIQUE,155 TOWN CENTER NICOLAS ROMERO,ROPA,CHAMARRA,62,31048.24,17098.74
BOUTIQUE158 SENDERO IXTAPALUCAACCESORIOSMOCHILA,BOUTIQUE,158 SENDERO IXTAPALUCA,ACCESORIOS,MOCHILA,18,11191.5,4126
BOUTIQUE169 GRAN SURACCESORIOSPERFUME,BOUTIQUE,169 GRAN SUR,ACCESORIOS,PERFUME,123,12981.23,4305
BOUTIQUE169 GRAN SURACCESORIOSLLAVERO,BOUTIQUE,169 GRAN SUR,ACCESORIOS,LLAVERO,48,1443,442.1
BOUTIQUE158 SENDERO IXTAPALUCAROPAPLAYERA,BOUTIQUE,158 SENDERO IXTAPALUCA,ROPA,PLAYERA,127,35023.3,15272
BOUTIQUE117 MIXCOACCALZADOARMADO,BOUTIQUE,117 MIXCOAC,CALZADO,ARMADO,4185,2501596.75,959089.6265
BOUTIQUE130 TOLUCACALZADOINYECTADO,BOUTIQUE,130 TOLUCA,CALZADO,INYECTADO,1222,402687.8,164362.4741
BOUTIQUE115 LA VILLACALZADOINYECTADO,BOUTIQUE,115 LA VILLA,CALZADO,INYECTADO,888,299062.34,120284.1255
BOUTIQUE171 TLALNEPANTLA CENTROACCESORIOSLLAVERO,BOUTIQUE,171 TLALNEPANTLA CENTRO,ACCESORIOS,LLAVERO,39,1267.14,421.7
BOUTIQUE127 TENAYUCACALZADOARMADO,BOUTIQUE,127 TENAYUCA,CALZADO,ARMADO,2809,1143969.21,602718.6235
BOUTIQUE154 METROBUS CHILPANCINGOCALZADOARMADO,BOUTIQUE,154 METROBUS CHILPANCINGO,CALZADO,ARMADO,505,219895.15,109975.4692
BOUTIQUE114 INSURGENTESCALZADOINYECTADO,BOUTIQUE,114 INSURGENTES,CALZADO,INYECTADO,777,293520.93,110777.7435
BOUTIQUE147 SAN COSMECALZADOINYECTADO,BOUTIQUE,147 SAN COSME,CALZADO,INYECTADO,1573,468259.5,208786.3098
BOUTIQUE124 SATELITECALZADOINYECTADO,BOUTIQUE,124 SATELITE,CALZADO,INYECTADO,955,293284.5,133229.8315
BOUTIQUE153 GRAND PLAZA TOLUCACALZADOARMADO,BOUTIQUE,153 GRAND PLAZA TOLUCA,CALZADO,ARMADO,479,178328.05,104355.5875
BOUTIQUE166 16 DE SEPTIEMBRECALZADOINYECTADO,BOUTIQUE,166 16 DE SEPTIEMBRE,CALZADO,INYECTADO,2650,866892.96,355078.7859
BOUTIQUE128 TEXCOCOCALZADOARMADO,BOUTIQUE,128 TEXCOCO,CALZADO,ARMADO,2184,1297181.28,502683.0862
BOUTIQUE104 CENTROCALZADOARMADO,BOUTIQUE,104 CENTRO,CALZADO,ARMADO,1526,1007298.6,351936.0909
BOUTIQUE166 16 DE SEPTIEMBRECALZADOARMADO,BOUTIQUE,166 16 DE SEPTIEMBRE,CALZADO,ARMADO,6528,3972467.39,1503603.5
BOUTIQUE153 GRAND PLAZA TOLUCAACCESORIOSBOLSA,BOUTIQUE,153 GRAND PLAZA TOLUCA,ACCESORIOS,BOLSA,5,267.24,251.32
BOUTIQUE146 CHALCOACCESORIOSPERFUME,BOUTIQUE,146 CHALCO,ACCESORIOS,PERFUME,143,15000.24,5005
BOUTIQUE106 CONDESACALZADOINYECTADO,BOUTIQUE,106 CONDESA,CALZADO,INYECTADO,1068,397535.08,150209.7473
BOUTIQUE124 SATELITECALZADOARMADO,BOUTIQUE,124 SATELITE,CALZADO,ARMADO,1779,1066340.33,405784.0524
BOUTIQUE144 5 DE MAYOCALZADOARMADO,BOUTIQUE,144 5 DE MAYO,CALZADO,ARMADO,4131,2619365.77,953298.5627
BOUTIQUE161 GRAN PATIO ECATEPECROPACHAMARRA,BOUTIQUE,161 GRAN PATIO ECATEPEC,ROPA,CHAMARRA,30,15180.12,8146.43
BOUTIQUE101 ARAGONACCESORIOSMOCHILA,BOUTIQUE,101 ARAGON,ACCESORIOS,MOCHILA,18,10760.04,4190
BOUTIQUE101 ARAGONACCESORIOSPLANTILLA,BOUTIQUE,101 ARAGON,ACCESORIOS,PLANTILLA,69,2956.66,979.8
BOUTIQUE154 METROBUS CHILPANCINGOCALZADOINYECTADO,BOUTIQUE,154 METROBUS CHILPANCINGO,CALZADO,INYECTADO,309,72257.25,40405.0205
BOUTIQUE147 SAN COSMEROPAPLAYERA,BOUTIQUE,147 SAN COSME,ROPA,PLAYERA,76,16260.34,8591
BOUTIQUE147 SAN COSMECALZADOARMADO,BOUTIQUE,147 SAN COSME,CALZADO,ARMADO,3395,1866634.74,772396.9077
BOUTIQUE130 TOLUCACALZADOARMADO,BOUTIQUE,130 TOLUCA,CALZADO,ARMADO,2438,1477467.8,557084.7272
BOUTIQUE127 TENAYUCACALZADOINYECTADO,BOUTIQUE,127 TENAYUCA,CALZADO,INYECTADO,2124,404343.83,258379.0372
BOUTIQUE114 INSURGENTESROPACHAMARRA,BOUTIQUE,114 INSURGENTES,ROPA,CHAMARRA,4,2163.8,1140
BOUTIQUE114 INSURGENTESCALZADOARMADO,BOUTIQUE,114 INSURGENTES,CALZADO,ARMADO,1779,1118994.31,405518.6207
BOUTIQUE144 5 DE MAYOCALZADOINYECTADO,BOUTIQUE,144 5 DE MAYO,CALZADO,INYECTADO,1532,545005.86,216561.9507
BOUTIQUE115 LA VILLACALZADOARMADO,BOUTIQUE,115 LA VILLA,CALZADO,ARMADO,1579,950734,361888.6756
BOUTIQUE128 TEXCOCOCALZADOINYECTADO,BOUTIQUE,128 TEXCOCO,CALZADO,INYECTADO,935,313450.78,127926.2831
BOUTIQUE117 MIXCOACCALZADOINYECTADO,BOUTIQUE,117 MIXCOAC,CALZADO,INYECTADO,1592,526724.31,220198.4153
BOUTIQUE106 CONDESACALZADOARMADO,BOUTIQUE,106 CONDESA,CALZADO,ARMADO,2027,1316513.26,464610.2974
BOUTIQUE104 CENTROCALZADOINYECTADO,BOUTIQUE,104 CENTRO,CALZADO,INYECTADO,675,250791.49,94130.5185
BOUTIQUE153 GRAND PLAZA TOLUCACALZADOINYECTADO,BOUTIQUE,153 GRAND PLAZA TOLUCA,CALZADO,INYECTADO,262,63689.31,33500.1904
BOUTIQUE114 INSURGENTESACCESORIOSLIMPIEZA,BOUTIQUE,114 INSURGENTES,ACCESORIOS,LIMPIEZA,21,3058.63,972.99
BOUTIQUE146 CHALCOROPAPLAYERA,BOUTIQUE,146 CHALCO,ROPA,PLAYERA,78,20138.03,9211
BOUTIQUE168 CENTRO SAN MIGUELACCESORIOSLLAVERO,BOUTIQUE,168 CENTRO SAN MIGUEL,ACCESORIOS,LLAVERO,27,796.5,243
BOUTIQUE168 CENTRO SAN MIGUELACCESORIOSPLANTILLA,BOUTIQUE,168 CENTRO SAN MIGUEL,ACCESORIOS,PLANTILLA,18,767.18,255.6
BOUTIQUE146 CHALCOROPASUDADERA,BOUTIQUE,146 CHALCO,ROPA,SUDADERA,105,53255.46,24068.5
BOUTIQUE127 TENAYUCAACCESORIOSPERFUME,BOUTIQUE,127 TENAYUCA,ACCESORIOS,PERFUME,43,4401.8,1505
BOUTIQUE172 COSMOPOLROPAPLAYERA,BOUTIQUE,172 COSMOPOL,ROPA,PLAYERA,132,35033.53,15276
BOUTIQUE114 INSURGENTESACCESORIOSBOLSA,BOUTIQUE,114 INSURGENTES,ACCESORIOS,BOLSA,54,2711.34,1500
BOUTIQUE101 ARAGONROPASUDADERA,BOUTIQUE,101 ARAGON,ROPA,SUDADERA,93,47138.57,21777.5
BOUTIQUE101 ARAGONROPACHAMARRA,BOUTIQUE,101 ARAGON,ROPA,CHAMARRA,31,14741.75,8575.62
BOUTIQUE151 SENDERO TOLUCAROPACHAMARRA,BOUTIQUE,151 SENDERO TOLUCA,ROPA,CHAMARRA,32,16931.87,9594.43
BOUTIQUE166 16 DE SEPTIEMBREROPAPLAYERA,BOUTIQUE,166 16 DE SEPTIEMBRE,ROPA,PLAYERA,125,33939.29,14791
BOUTIQUE150 LAS AMERICAS ECATEPECROPACHAMARRA,BOUTIQUE,150 LAS AMERICAS ECATEPEC,ROPA,CHAMARRA,56,30692.59,15211.72
BOUTIQUE157 PLAZA ERMITAACCESORIOSPLANTILLA,BOUTIQUE,157 PLAZA ERMITA,ACCESORIOS,PLANTILLA,59,2517.04,837.8
BOUTIQUE159 TOWN CENTER ZUMPANGOROPASUDADERA,BOUTIQUE,159 TOWN CENTER ZUMPANGO,ROPA,SUDADERA,138,74660.2,31711
BOUTIQUE158 SENDERO IXTAPALUCAACCESORIOSLLAVERO,BOUTIQUE,158 SENDERO IXTAPALUCA,ACCESORIOS,LLAVERO,62,2041.22,689.3
BOUTIQUE166 16 DE SEPTIEMBREROPASUDADERA,BOUTIQUE,166 16 DE SEPTIEMBRE,ROPA,SUDADERA,148,80068.12,34895
BOUTIQUE157 PLAZA ERMITAROPACHAMARRA,BOUTIQUE,157 PLAZA ERMITA,ROPA,CHAMARRA,32,17441.36,8513.74
BOUTIQUE151 SENDERO TOLUCAACCESORIOSPERFUME,BOUTIQUE,151 SENDERO TOLUCA,ACCESORIOS,PERFUME,80,8405.3,2800
BOUTIQUE130 TOLUCAACCESORIOSCALCETINES,BOUTIQUE,130 TOLUCA,ACCESORIOS,CALCETINES,15,1367.27,545
BOUTIQUE130 TOLUCAACCESORIOSPERFUME,BOUTIQUE,130 TOLUCA,ACCESORIOS,PERFUME,66,6860.46,2310
BOUTIQUE168 CENTRO SAN MIGUELROPAPLAYERA,BOUTIQUE,168 CENTRO SAN MIGUEL,ROPA,PLAYERA,95,26710.8,12039
BOUTIQUE171 TLALNEPANTLA CENTROACCESORIOSPLANTILLA,BOUTIQUE,171 TLALNEPANTLA CENTRO,ACCESORIOS,PLANTILLA,28,1206.8,397.6
BOUTIQUE170 FORUM BUENAVISTAACCESORIOSPERFUME,BOUTIQUE,170 FORUM BUENAVISTA,ACCESORIOS,PERFUME,168,17594.24,5880
BOUTIQUE115 LA VILLAACCESORIOSCALCETINES,BOUTIQUE,115 LA VILLA,ACCESORIOS,CALCETINES,2,125.87,35
BOUTIQUE153 GRAND PLAZA TOLUCAROPAPLAYERA,BOUTIQUE,153 GRAND PLAZA TOLUCA,ROPA,PLAYERA,24,2581.02,2713
BOUTIQUE106 CONDESAACCESORIOSPLANTILLA,BOUTIQUE,106 CONDESA,ACCESORIOS,PLANTILLA,55,2354.56,781
BOUTIQUE155 TOWN CENTER NICOLAS ROMEROROPASUDADERA,BOUTIQUE,155 TOWN CENTER NICOLAS ROMERO,ROPA,SUDADERA,113,60782.01,26621
BOUTIQUE147 SAN COSMEROPACHAMARRA,BOUTIQUE,147 SAN COSME,ROPA,CHAMARRA,27,15006.01,7037.74
BOUTIQUE159 TOWN CENTER ZUMPANGOACCESORIOSBOLSA,BOUTIQUE,159 TOWN CENTER ZUMPANGO,ACCESORIOS,BOLSA,398,13861.09,9012
BOUTIQUE117 MIXCOACACCESORIOSLLAVERO,BOUTIQUE,117 MIXCOAC,ACCESORIOS,LLAVERO,58,1821.41,582.6
BOUTIQUE169 GRAN SURROPACHAMARRA,BOUTIQUE,169 GRAN SUR,ROPA,CHAMARRA,24,12934.88,6771.36
BOUTIQUE144 5 DE MAYOACCESORIOSLLAVERO,BOUTIQUE,144 5 DE MAYO,ACCESORIOS,LLAVERO,32,1000.79,318.3
BOUTIQUE124 SATELITEACCESORIOSLIMPIEZA,BOUTIQUE,124 SATELITE,ACCESORIOS,LIMPIEZA,28,3939.7,1223.79
BOUTIQUE124 SATELITEROPAPLAYERA,BOUTIQUE,124 SATELITE,ROPA,PLAYERA,56,13706.13,6934
BOUTIQUE160 GRAN PATIO CHALCOROPASUDADERA,BOUTIQUE,160 GRAN PATIO CHALCO,ROPA,SUDADERA,99,50605.3,22920.5
BOUTIQUE106 CONDESAROPAPLAYERA,BOUTIQUE,106 CONDESA,ROPA,PLAYERA,66,17903.74,7805
BOUTIQUE172 COSMOPOLACCESORIOSPERFUME,BOUTIQUE,172 COSMOPOL,ACCESORIOS,PERFUME,130,13657.11,4550
BOUTIQUE158 SENDERO IXTAPALUCAACCESORIOSLIMPIEZA,BOUTIQUE,158 SENDERO IXTAPALUCA,ACCESORIOS,LIMPIEZA,58,8017.27,2485.68
BOUTIQUE106 CONDESAROPACHAMARRA,BOUTIQUE,106 CONDESA,ROPA,CHAMARRA,31,17038.76,8234.43
BOUTIQUE106 CONDESAACCESORIOSLIMPIEZA,BOUTIQUE,106 CONDESA,ACCESORIOS,LIMPIEZA,37,5267.27,1633.55
BOUTIQUE156 TOWN CENTER EL ROSARIOROPACHAMARRA,BOUTIQUE,156 TOWN CENTER EL ROSARIO,ROPA,CHAMARRA,79,39958.61,22935.74
BOUTIQUE159 TOWN CENTER ZUMPANGOROPAPLAYERA,BOUTIQUE,159 TOWN CENTER ZUMPANGO,ROPA,PLAYERA,98,26513.92,11538
BOUTIQUE124 SATELITEACCESORIOSLLAVERO,BOUTIQUE,124 SATELITE,ACCESORIOS,LLAVERO,32,1004.23,318.3
BOUTIQUE160 GRAN PATIO CHALCOACCESORIOSLIMPIEZA,BOUTIQUE,160 GRAN PATIO CHALCO,ACCESORIOS,LIMPIEZA,31,4662.09,1464.45
BOUTIQUE115 LA VILLAROPAPLAYERA,BOUTIQUE,115 LA VILLA,ROPA,PLAYERA,43,11681.14,5121
BOUTIQUE104 CENTROACCESORIOSPLANTILLA,BOUTIQUE,104 CENTRO,ACCESORIOS,PLANTILLA,18,767.18,255.6
BOUTIQUE101 ARAGONROPAPLAYERA,BOUTIQUE,101 ARAGON,ROPA,PLAYERA,89,23645.8,10660
BOUTIQUE159 TOWN CENTER ZUMPANGOACCESORIOSPERFUME,BOUTIQUE,159 TOWN CENTER ZUMPANGO,ACCESORIOS,PERFUME,96,10065.68,3360
BOUTIQUE161 GRAN PATIO ECATEPECACCESORIOSPLANTILLA,BOUTIQUE,161 GRAN PATIO ECATEPEC,ACCESORIOS,PLANTILLA,43,1836.93,610.6
BOUTIQUE161 GRAN PATIO ECATEPECACCESORIOSLLAVERO,BOUTIQUE,161 GRAN PATIO ECATEPEC,ACCESORIOS,LLAVERO,34,1056,336.3
BOUTIQUE106 CONDESAACCESORIOSMOCHILA,BOUTIQUE,106 CONDESA,ACCESORIOS,MOCHILA,9,5841.35,2135
BOUTIQUE157 PLAZA ERMITAACCESORIOSLIMPIEZA,BOUTIQUE,157 PLAZA ERMITA,ACCESORIOS,LIMPIEZA,30,4094.83,1274.21
BOUTIQUE154 METROBUS CHILPANCINGOACCESORIOSBOLSA,BOUTIQUE,154 METROBUS CHILPANCINGO,ACCESORIOS,BOLSA,30,258.6,600
BOUTIQUE151 SENDERO TOLUCAROPAPLAYERA,BOUTIQUE,151 SENDERO TOLUCA,ROPA,PLAYERA,63,16747.01,7413
BOUTIQUE169 GRAN SURROPASUDADERA,BOUTIQUE,169 GRAN SUR,ROPA,SUDADERA,93,50176.47,21753
BOUTIQUE171 TLALNEPANTLA CENTROACCESORIOSMOCHILA,BOUTIQUE,171 TLALNEPANTLA CENTRO,ACCESORIOS,MOCHILA,9,5728.51,2135
BOUTIQUE172 COSMOPOLROPACHAMARRA,BOUTIQUE,172 COSMOPOL,ROPA,CHAMARRA,53,26387.03,14572.74
BOUTIQUE166 16 DE SEPTIEMBREACCESORIOSPLANTILLA,BOUTIQUE,166 16 DE SEPTIEMBRE,ACCESORIOS,PLANTILLA,49,2111.9,695.8
BOUTIQUE147 SAN COSMEROPASUDADERA,BOUTIQUE,147 SAN COSME,ROPA,SUDADERA,79,39148.97,18828
BOUTIQUE128 TEXCOCOROPACHAMARRA,BOUTIQUE,128 TEXCOCO,ROPA,CHAMARRA,14,6795.78,4175.81
BOUTIQUE128 TEXCOCOROPAPLAYERA,BOUTIQUE,128 TEXCOCO,ROPA,PLAYERA,44,11631.66,5450
BOUTIQUE151 SENDERO TOLUCAROPASUDADERA,BOUTIQUE,151 SENDERO TOLUCA,ROPA,SUDADERA,61,31983.6,14737.5
BOUTIQUE117 MIXCOACACCESORIOSPERFUME,BOUTIQUE,117 MIXCOAC,ACCESORIOS,PERFUME,130,13801.93,4550
BOUTIQUE153 GRAND PLAZA TOLUCAROPASUDADERA,BOUTIQUE,153 GRAND PLAZA TOLUCA,ROPA,SUDADERA,10,1737.94,2530
BOUTIQUE155 TOWN CENTER NICOLAS ROMEROACCESORIOSPERFUME,BOUTIQUE,155 TOWN CENTER NICOLAS ROMERO,ACCESORIOS,PERFUME,106,11096.73,3710
BOUTIQUE160 GRAN PATIO CHALCOACCESORIOSMOCHILA,BOUTIQUE,160 GRAN PATIO CHALCO,ACCESORIOS,MOCHILA,11,7168.93,2565
BOUTIQUE160 GRAN PATIO CHALCOROPAPLAYERA,BOUTIQUE,160 GRAN PATIO CHALCO,ROPA,PLAYERA,70,18268.97,8276
BOUTIQUE154 METROBUS CHILPANCINGOROPASUDADERA,BOUTIQUE,154 METROBUS CHILPANCINGO,ROPA,SUDADERA,7,1192.24,1729
BOUTIQUE156 TOWN CENTER EL ROSARIOROPAPLAYERA,BOUTIQUE,156 TOWN CENTER EL ROSARIO,ROPA,PLAYERA,135,36532.98,16235
BOUTIQUE128 TEXCOCOROPASUDADERA,BOUTIQUE,128 TEXCOCO,ROPA,SUDADERA,40,19577.19,9150
BOUTIQUE172 COSMOPOLROPASUDADERA,BOUTIQUE,172 COSMOPOL,ROPA,SUDADERA,99,54414.21,23188.5
BOUTIQUE128 TEXCOCOACCESORIOSPLANTILLA,BOUTIQUE,128 TEXCOCO,ACCESORIOS,PLANTILLA,44,1896.4,624.8
BOUTIQUE106 CONDESAACCESORIOSPERFUME,BOUTIQUE,106 CONDESA,ACCESORIOS,PERFUME,86,9079.45,3010
BOUTIQUE104 CENTROROPASUDADERA,BOUTIQUE,104 CENTRO,ROPA,SUDADERA,43,21592.81,9874.5
BOUTIQUE166 16 DE SEPTIEMBREACCESORIOSLIMPIEZA,BOUTIQUE,166 16 DE SEPTIEMBRE,ACCESORIOS,LIMPIEZA,70,9858.64,3121.22
BOUTIQUE156 TOWN CENTER EL ROSARIOACCESORIOSPERFUME,BOUTIQUE,156 TOWN CENTER EL ROSARIO,ACCESORIOS,PERFUME,157,16579.56,5495
BOUTIQUE130 TOLUCAROPASUDADERA,BOUTIQUE,130 TOLUCA,ROPA,SUDADERA,58,31949.69,14071
BOUTIQUE167 CENTRAM MARTIN CARRERAROPACHAMARRA,BOUTIQUE,167 CENTRAM MARTIN CARRERA,ROPA,CHAMARRA,24,12362.9,6488.12
BOUTIQUE157 PLAZA ERMITAACCESORIOSPERFUME,BOUTIQUE,157 PLAZA ERMITA,ACCESORIOS,PERFUME,73,7703.56,2555
BOUTIQUE169 GRAN SURACCESORIOSBOLSA,BOUTIQUE,169 GRAN SUR,ACCESORIOS,BOLSA,315,16521.46,8884
BOUTIQUE127 TENAYUCAACCESORIOSPLANTILLA,BOUTIQUE,127 TENAYUCA,ACCESORIOS,PLANTILLA,24,1025.78,340.8
BOUTIQUE127 TENAYUCAACCESORIOSBOLSA,BOUTIQUE,127 TENAYUCA,ACCESORIOS,BOLSA,301,10776.19,7729.65
BOUTIQUE101 ARAGONACCESORIOSPERFUME,BOUTIQUE,101 ARAGON,ACCESORIOS,PERFUME,100,10441.54,3500
BOUTIQUE156 TOWN CENTER EL ROSARIOACCESORIOSPLANTILLA,BOUTIQUE,156 TOWN CENTER EL ROSARIO,ACCESORIOS,PLANTILLA,73,3068.72,1036.6
BOUTIQUE117 MIXCOACROPASUDADERA,BOUTIQUE,117 MIXCOAC,ROPA,SUDADERA,106,56154.17,24816
BOUTIQUE157 PLAZA ERMITAROPAPLAYERA,BOUTIQUE,157 PLAZA ERMITA,ROPA,PLAYERA,87,24866.97,10256
BOUTIQUE117 MIXCOACROPAPLAYERA,BOUTIQUE,117 MIXCOAC,ROPA,PLAYERA,97,26731.06,11529
BOUTIQUE153 GRAND PLAZA TOLUCAROPACHAMARRA,BOUTIQUE,153 GRAND PLAZA TOLUCA,ROPA,CHAMARRA,9,2854.29,2900
BOUTIQUE124 SATELITEROPASUDADERA,BOUTIQUE,124 SATELITE,ROPA,SUDADERA,53,26393.48,13056.5
BOUTIQUE124 SATELITEACCESORIOSMOCHILA,BOUTIQUE,124 SATELITE,ACCESORIOS,MOCHILA,12,7567.2,2756
BOUTIQUE114 INSURGENTESACCESORIOSPLANTILLA,BOUTIQUE,114 INSURGENTES,ACCESORIOS,PLANTILLA,28,1198.18,397.6
BOUTIQUE130 TOLUCAROPACHAMARRA,BOUTIQUE,130 TOLUCA,ROPA,CHAMARRA,18,9818.09,5260.43
BOUTIQUE130 TOLUCAROPAPLAYERA,BOUTIQUE,130 TOLUCA,ROPA,PLAYERA,71,20309.24,8758
BOUTIQUE130 TOLUCAACCESORIOSLLAVERO,BOUTIQUE,130 TOLUCA,ACCESORIOS,LLAVERO,29,987.86,331.7
BOUTIQUE117 MIXCOACACCESORIOSBOLSA,BOUTIQUE,117 MIXCOAC,ACCESORIOS,BOLSA,182,8471.29,4480
BOUTIQUE170 FORUM BUENAVISTAACCESORIOSLLAVERO,BOUTIQUE,170 FORUM BUENAVISTA,ACCESORIOS,LLAVERO,64,2061.92,677
BOUTIQUE161 GRAN PATIO ECATEPECROPAPLAYERA,BOUTIQUE,161 GRAN PATIO ECATEPEC,ROPA,PLAYERA,80,21766.08,9346
BOUTIQUE117 MIXCOACROPACHAMARRA,BOUTIQUE,117 MIXCOAC,ROPA,CHAMARRA,39,20222.83,10620.43
BOUTIQUE159 TOWN CENTER ZUMPANGOACCESORIOSLIMPIEZA,BOUTIQUE,159 TOWN CENTER ZUMPANGO,ACCESORIOS,LIMPIEZA,38,5415.28,1643.11
BOUTIQUE172 COSMOPOLACCESORIOSMOCHILA,BOUTIQUE,172 COSMOPOL,ACCESORIOS,MOCHILA,14,9160.3,3218
BOUTIQUE170 FORUM BUENAVISTAACCESORIOSPLANTILLA,BOUTIQUE,170 FORUM BUENAVISTA,ACCESORIOS,PLANTILLA,61,2629.1,866.2
BOUTIQUE156 TOWN CENTER EL ROSARIOROPASUDADERA,BOUTIQUE,156 TOWN CENTER EL ROSARIO,ROPA,SUDADERA,90,50424.26,20273.5
BOUTIQUE115 LA VILLAACCESORIOSBOLSA,BOUTIQUE,115 LA VILLA,ACCESORIOS,BOLSA,55,2812.89,1520
BOUTIQUE151 SENDERO TOLUCAACCESORIOSLLAVERO,BOUTIQUE,151 SENDERO TOLUCA,ACCESORIOS,LLAVERO,25,840.46,285.6
BOUTIQUE146 CHALCOACCESORIOSLIMPIEZA,BOUTIQUE,146 CHALCO,ACCESORIOS,LIMPIEZA,36,4962.05,1564.12
BOUTIQUE106 CONDESAACCESORIOSLLAVERO,BOUTIQUE,106 CONDESA,ACCESORIOS,LLAVERO,41,1317.14,429.6
BOUTIQUE168 CENTRO SAN MIGUELROPASUDADERA,BOUTIQUE,168 CENTRO SAN MIGUEL,ROPA,SUDADERA,107,57789.52,24832.5
BOUTIQUE104 CENTROACCESORIOSPERFUME,BOUTIQUE,104 CENTRO,ACCESORIOS,PERFUME,52,5431.12,1820
BOUTIQUE168 CENTRO SAN MIGUELROPACHAMARRA,BOUTIQUE,168 CENTRO SAN MIGUEL,ROPA,CHAMARRA,41,19585.34,11528
BOUTIQUE150 LAS AMERICAS ECATEPECACCESORIOSPERFUME,BOUTIQUE,150 LAS AMERICAS ECATEPEC,ACCESORIOS,PERFUME,107,11243.27,3745
BOUTIQUE171 TLALNEPANTLA CENTROACCESORIOSCALCETINES,BOUTIQUE,171 TLALNEPANTLA CENTRO,ACCESORIOS,CALCETINES,15,1061.06,445
BOUTIQUE104 CENTROROPAPLAYERA,BOUTIQUE,104 CENTRO,ROPA,PLAYERA,39,10560.46,4649
BOUTIQUE147 SAN COSMEACCESORIOSLLAVERO,BOUTIQUE,147 SAN COSME,ACCESORIOS,LLAVERO,28,874.93,282.3
BOUTIQUE104 CENTROACCESORIOSMOCHILA,BOUTIQUE,104 CENTRO,ACCESORIOS,MOCHILA,8,5310.32,1880
BOUTIQUE146 CHALCOACCESORIOSLLAVERO,BOUTIQUE,146 CHALCO,ACCESORIOS,LLAVERO,30,946.48,300.3
BOUTIQUE156 TOWN CENTER EL ROSARIOACCESORIOSLLAVERO,BOUTIQUE,156 TOWN CENTER EL ROSARIO,ACCESORIOS,LLAVERO,47,1483.51,483.6
BOUTIQUE171 TLALNEPANTLA CENTROROPAPLAYERA,BOUTIQUE,171 TLALNEPANTLA CENTRO,ROPA,PLAYERA,185,31900.7,20809
BOUTIQUE154 METROBUS CHILPANCINGOACCESORIOSLIMPIEZA,BOUTIQUE,154 METROBUS CHILPANCINGO,ACCESORIOS,LIMPIEZA,4,474.14,147.05
BOUTIQUE115 LA VILLAROPASUDADERA,BOUTIQUE,115 LA VILLA,ROPA,SUDADERA,43,22493.22,9926.5
BOUTIQUE153 GRAND PLAZA TOLUCAACCESORIOSPERFUME,BOUTIQUE,153 GRAND PLAZA TOLUCA,ACCESORIOS,PERFUME,16,1655.2,560
BOUTIQUE161 GRAN PATIO ECATEPECACCESORIOSCALCETINES,BOUTIQUE,161 GRAN PATIO ECATEPEC,ACCESORIOS,CALCETINES,17,1375.21,355
BOUTIQUE128 TEXCOCOACCESORIOSPERFUME,BOUTIQUE,128 TEXCOCO,ACCESORIOS,PERFUME,70,7362.18,2450
BOUTIQUE104 CENTROACCESORIOSLIMPIEZA,BOUTIQUE,104 CENTRO,ACCESORIOS,LIMPIEZA,17,2439.67,759.85
BOUTIQUE106 CONDESAROPASUDADERA,BOUTIQUE,106 CONDESA,ROPA,SUDADERA,76,42319.85,17560
BOUTIQUE128 TEXCOCOACCESORIOSLIMPIEZA,BOUTIQUE,128 TEXCOCO,ACCESORIOS,LIMPIEZA,22,3031.03,975.06
BOUTIQUE150 LAS AMERICAS ECATEPECACCESORIOSLLAVERO,BOUTIQUE,150 LAS AMERICAS ECATEPEC,ACCESORIOS,LLAVERO,34,1025.78,306
BOUTIQUE154 METROBUS CHILPANCINGOROPAPLAYERA,BOUTIQUE,154 METROBUS CHILPANCINGO,ROPA,PLAYERA,20,2061.04,2091
BOUTIQUE104 CENTROACCESORIOSLLAVERO,BOUTIQUE,104 CENTRO,ACCESORIOS,LLAVERO,14,461.17,156.3
BOUTIQUE144 5 DE MAYOROPACHAMARRA,BOUTIQUE,144 5 DE MAYO,ROPA,CHAMARRA,35,18533.6,9583.62
BOUTIQUE159 TOWN CENTER ZUMPANGOACCESORIOSCALCETINES,BOUTIQUE,159 TOWN CENTER ZUMPANGO,ACCESORIOS,CALCETINES,8,691.4,155
BOUTIQUE156 TOWN CENTER EL ROSARIOACCESORIOSCALCETINES,BOUTIQUE,156 TOWN CENTER EL ROSARIO,ACCESORIOS,CALCETINES,5,463.8,180
BOUTIQUE154 METROBUS CHILPANCINGOACCESORIOSPERFUME,BOUTIQUE,154 METROBUS CHILPANCINGO,ACCESORIOS,PERFUME,16,1655.2,560
BOUTIQUE115 LA VILLAACCESORIOSLLAVERO,BOUTIQUE,115 LA VILLA,ACCESORIOS,LLAVERO,23,762.87,247.4
BOUTIQUE154 METROBUS CHILPANCINGOACCESORIOSPLANTILLA,BOUTIQUE,154 METROBUS CHILPANCINGO,ACCESORIOS,PLANTILLA,5,215.5,71
BOUTIQUE144 5 DE MAYOACCESORIOSBOLSA,BOUTIQUE,144 5 DE MAYO,ACCESORIOS,BOLSA,243,9790.5,5700
BOUTIQUE155 TOWN CENTER NICOLAS ROMEROACCESORIOSLLAVERO,BOUTIQUE,155 TOWN CENTER NICOLAS ROMERO,ACCESORIOS,LLAVERO,24,718.05,216
BOUTIQUE115 LA VILLAACCESORIOSPLANTILLA,BOUTIQUE,115 LA VILLA,ACCESORIOS,PLANTILLA,31,1320.16,440.2
BOUTIQUE114 INSURGENTESROPASUDADERA,BOUTIQUE,114 INSURGENTES,ROPA,SUDADERA,43,25823.34,10682.5
BOUTIQUE156 TOWN CENTER EL ROSARIOACCESORIOSMOCHILA,BOUTIQUE,156 TOWN CENTER EL ROSARIO,ACCESORIOS,MOCHILA,18,11569.86,4174
BOUTIQUE161 GRAN PATIO ECATEPECACCESORIOSLIMPIEZA,BOUTIQUE,161 GRAN PATIO ECATEPEC,ACCESORIOS,LIMPIEZA,23,3298.3,1055.81
BOUTIQUE128 TEXCOCOACCESORIOSLLAVERO,BOUTIQUE,128 TEXCOCO,ACCESORIOS,LLAVERO,20,687.88,250.7
BOUTIQUE104 CENTROROPACHAMARRA,BOUTIQUE,104 CENTRO,ROPA,CHAMARRA,24,12188.77,6908
BOUTIQUE170 FORUM BUENAVISTAACCESORIOSLIMPIEZA,BOUTIQUE,170 FORUM BUENAVISTA,ACCESORIOS,LIMPIEZA,55,7675.86,2419.33
BOUTIQUE166 16 DE SEPTIEMBREROPACHAMARRA,BOUTIQUE,166 16 DE SEPTIEMBRE,ROPA,CHAMARRA,58,31638.79,15066.55
BOUTIQUE160 GRAN PATIO CHALCOACCESORIOSPLANTILLA,BOUTIQUE,160 GRAN PATIO CHALCO,ACCESORIOS,PLANTILLA,32,1361.96,454.4
BOUTIQUE150 LAS AMERICAS ECATEPECACCESORIOSMOCHILA,BOUTIQUE,150 LAS AMERICAS ECATEPEC,ACCESORIOS,MOCHILA,18,11948.22,4190
BOUTIQUE130 TOLUCAACCESORIOSMOCHILA,BOUTIQUE,130 TOLUCA,ACCESORIOS,MOCHILA,13,7832.72,3027
BOUTIQUE124 SATELITEACCESORIOSPLANTILLA,BOUTIQUE,124 SATELITE,ACCESORIOS,PLANTILLA,52,2223.96,738.4
BOUTIQUE154 METROBUS CHILPANCINGOACCESORIOSLLAVERO,BOUTIQUE,154 METROBUS CHILPANCINGO,ACCESORIOS,LLAVERO,4,155.16,56.2
BOUTIQUE166 16 DE SEPTIEMBREACCESORIOSPERFUME,BOUTIQUE,166 16 DE SEPTIEMBRE,ACCESORIOS,PERFUME,161,16620.99,5635
BOUTIQUE172 COSMOPOLACCESORIOSLIMPIEZA,BOUTIQUE,172 COSMOPOL,ACCESORIOS,LIMPIEZA,40,5294.81,1687.58
BOUTIQUE159 TOWN CENTER ZUMPANGOACCESORIOSMOCHILA,BOUTIQUE,159 TOWN CENTER ZUMPANGO,ACCESORIOS,MOCHILA,15,9445.73,3489
BOUTIQUE115 LA VILLAACCESORIOSLIMPIEZA,BOUTIQUE,115 LA VILLA,ACCESORIOS,LIMPIEZA,21,2922.44,904.51
BOUTIQUE147 SAN COSMEACCESORIOSMOCHILA,BOUTIQUE,147 SAN COSME,ACCESORIOS,MOCHILA,8,5310.32,1848
BOUTIQUE157 PLAZA ERMITAACCESORIOSLLAVERO,BOUTIQUE,157 PLAZA ERMITA,ACCESORIOS,LLAVERO,21,655.12,199.1
BOUTIQUE156 TOWN CENTER EL ROSARIOACCESORIOSBOLSA,BOUTIQUE,156 TOWN CENTER EL ROSARIO,ACCESORIOS,BOLSA,283,15828.24,7761.5
BOUTIQUE117 MIXCOACACCESORIOSLIMPIEZA,BOUTIQUE,117 MIXCOAC,ACCESORIOS,LIMPIEZA,43,6258.68,1948.1
BOUTIQUE147 SAN COSMEACCESORIOSLIMPIEZA,BOUTIQUE,147 SAN COSME,ACCESORIOS,LIMPIEZA,27,3756.89,1165.68
BOUTIQUE124 SATELITEACCESORIOSPERFUME,BOUTIQUE,124 SATELITE,ACCESORIOS,PERFUME,109,11210.53,3815
BOUTIQUE170 FORUM BUENAVISTAACCESORIOSGORRA,BOUTIQUE,170 FORUM BUENAVISTA,ACCESORIOS,GORRA,1,152.59,99
BOUTIQUE146 CHALCOACCESORIOSPLANTILLA,BOUTIQUE,146 CHALCO,ACCESORIOS,PLANTILLA,51,2189.48,724.2
BOUTIQUE166 16 DE SEPTIEMBREACCESORIOSLLAVERO,BOUTIQUE,166 16 DE SEPTIEMBRE,ACCESORIOS,LLAVERO,51,1596.01,529.7
BOUTIQUE155 TOWN CENTER NICOLAS ROMEROACCESORIOSBOLSA,BOUTIQUE,155 TOWN CENTER NICOLAS ROMERO,ACCESORIOS,BOLSA,175,6201.6,4730
BOUTIQUE160 GRAN PATIO CHALCOACCESORIOSCALCETINES,BOUTIQUE,160 GRAN PATIO CHALCO,ACCESORIOS,CALCETINES,8,1020.68,413
BOUTIQUE144 5 DE MAYOACCESORIOSPERFUME,BOUTIQUE,144 5 DE MAYO,ACCESORIOS,PERFUME,81,8366.33,2835
BOUTIQUE144 5 DE MAYOROPASUDADERA,BOUTIQUE,144 5 DE MAYO,ROPA,SUDADERA,88,51106.44,20628.5
BOUTIQUE144 5 DE MAYOACCESORIOSLIMPIEZA,BOUTIQUE,144 5 DE MAYO,ACCESORIOS,LIMPIEZA,51,7079.09,2239.76
BOUTIQUE144 5 DE MAYOACCESORIOSMOCHILA,BOUTIQUE,144 5 DE MAYO,ACCESORIOS,MOCHILA,11,7056.09,2565
BOUTIQUE161 GRAN PATIO ECATEPECACCESORIOSPERFUME,BOUTIQUE,161 GRAN PATIO ECATEPEC,ACCESORIOS,PERFUME,70,7231.15,2450
BOUTIQUE117 MIXCOACACCESORIOSMOCHILA,BOUTIQUE,117 MIXCOAC,ACCESORIOS,MOCHILA,14,7168.93,3234
BOUTIQUE154 METROBUS CHILPANCINGOROPACHAMARRA,BOUTIQUE,154 METROBUS CHILPANCINGO,ROPA,CHAMARRA,8,2637.92,2640
BOUTIQUE169 GRAN SURACCESORIOSLIMPIEZA,BOUTIQUE,169 GRAN SUR,ACCESORIOS,LIMPIEZA,48,6330.81,2018.81
BOUTIQUE124 SATELITEROPACHAMARRA,BOUTIQUE,124 SATELITE,ROPA,CHAMARRA,37,18956.97,10537.93
BOUTIQUE124 SATELITEACCESORIOSBOLSA,BOUTIQUE,124 SATELITE,ACCESORIOS,BOLSA,69,2973.41,1973.83
BOUTIQUE172 COSMOPOLACCESORIOSPLANTILLA,BOUTIQUE,172 COSMOPOL,ACCESORIOS,PLANTILLA,31,1301.62,440.2
BOUTIQUE169 GRAN SURACCESORIOSPLANTILLA,BOUTIQUE,169 GRAN SUR,ACCESORIOS,PLANTILLA,71,3051.48,1008.2
BOUTIQUE153 GRAND PLAZA TOLUCAACCESORIOSLIMPIEZA,BOUTIQUE,153 GRAND PLAZA TOLUCA,ACCESORIOS,LIMPIEZA,3,422.41,133.61
BOUTIQUE127 TENAYUCAACCESORIOSLIMPIEZA,BOUTIQUE,127 TENAYUCA,ACCESORIOS,LIMPIEZA,14,2015.53,636.12
BOUTIQUE117 MIXCOACACCESORIOSPLANTILLA,BOUTIQUE,117 MIXCOAC,ACCESORIOS,PLANTILLA,68,2922.18,965.6
BOUTIQUE153 GRAND PLAZA TOLUCAACCESORIOSPLANTILLA,BOUTIQUE,153 GRAND PLAZA TOLUCA,ACCESORIOS,PLANTILLA,1,43.1,14.2
BOUTIQUE157 PLAZA ERMITAACCESORIOSMOCHILA,BOUTIQUE,157 PLAZA ERMITA,ACCESORIOS,MOCHILA,14,8894.78,3218
BOUTIQUE128 TEXCOCOACCESORIOSBOLSA,BOUTIQUE,128 TEXCOCO,ACCESORIOS,BOLSA,34,3670.67,1693.83
BOUTIQUE115 LA VILLAROPACHAMARRA,BOUTIQUE,115 LA VILLA,ROPA,CHAMARRA,14,6795.69,3754.12
BOUTIQUE168 CENTRO SAN MIGUELACCESORIOSCALCETINES,BOUTIQUE,168 CENTRO SAN MIGUEL,ACCESORIOS,CALCETINES,6,493.12,210
BOUTIQUE159 TOWN CENTER ZUMPANGOROPACHAMARRA,BOUTIQUE,159 TOWN CENTER ZUMPANGO,ROPA,CHAMARRA,51,27506.47,13605.24
BOUTIQUE114 INSURGENTESACCESORIOSMOCHILA,BOUTIQUE,114 INSURGENTES,ACCESORIOS,MOCHILA,8,4912.04,1832
BOUTIQUE147 SAN COSMEACCESORIOSPLANTILLA,BOUTIQUE,147 SAN COSME,ACCESORIOS,PLANTILLA,50,2155,710
BOUTIQUE170 FORUM BUENAVISTAACCESORIOSMOCHILA,BOUTIQUE,170 FORUM BUENAVISTA,ACCESORIOS,MOCHILA,18,11549.94,4158
BOUTIQUE151 SENDERO TOLUCAACCESORIOSPLANTILLA,BOUTIQUE,151 SENDERO TOLUCA,ACCESORIOS,PLANTILLA,29,1041.38,411.8
BOUTIQUE169 GRAN SURROPAPLAYERA,BOUTIQUE,169 GRAN SUR,ROPA,PLAYERA,94,24972.08,11029
BOUTIQUE155 TOWN CENTER NICOLAS ROMEROACCESORIOSPLANTILLA,BOUTIQUE,155 TOWN CENTER NICOLAS ROMERO,ACCESORIOS,PLANTILLA,50,2146.38,710
BOUTIQUE151 SENDERO TOLUCAACCESORIOSMOCHILA,BOUTIQUE,151 SENDERO TOLUCA,ACCESORIOS,MOCHILA,12,7832.72,2788
BOUTIQUE130 TOLUCAACCESORIOSLIMPIEZA,BOUTIQUE,130 TOLUCA,ACCESORIOS,LIMPIEZA,28,4301.74,1345.77
BOUTIQUE002 CEDIS TIENDASCALZADOARMADO,BOUTIQUE,002 CEDIS TIENDAS,CALZADO,ARMADO,0,0,0
BOUTIQUE002 CEDIS TIENDASCALZADOINYECTADO,BOUTIQUE,002 CEDIS TIENDAS,CALZADO,INYECTADO,47,11139,7414.4572
BOUTIQUE171 TLALNEPANTLA CENTROACCESORIOSPERFUME,BOUTIQUE,171 TLALNEPANTLA CENTRO,ACCESORIOS,PERFUME,84,8750.14,2940
BOUTIQUE127 TENAYUCAROPACHAMARRA,BOUTIQUE,127 TENAYUCA,ROPA,CHAMARRA,19,4928.43,5617
BOUTIQUE127 TENAYUCAROPASUDADERA,BOUTIQUE,127 TENAYUCA,ROPA,SUDADERA,24,7994.38,6403
BOUTIQUE147 SAN COSMEACCESORIOSPERFUME,BOUTIQUE,147 SAN COSME,ACCESORIOS,PERFUME,89,9322.28,3115
BOUTIQUE128 TEXCOCOACCESORIOSMOCHILA,BOUTIQUE,128 TEXCOCO,ACCESORIOS,MOCHILA,10,6239.62,2326
BOUTIQUE160 GRAN PATIO CHALCOACCESORIOSLLAVERO,BOUTIQUE,160 GRAN PATIO CHALCO,ACCESORIOS,LLAVERO,23,675.82,207
BOUTIQUE130 TOLUCAACCESORIOSPLANTILLA,BOUTIQUE,130 TOLUCA,ACCESORIOS,PLANTILLA,41,1758.48,582.2
BOUTIQUE168 CENTRO SAN MIGUELACCESORIOSBOLSA,BOUTIQUE,168 CENTRO SAN MIGUEL,ACCESORIOS,BOLSA,183,5295.53,4080
BOUTIQUE150 LAS AMERICAS ECATEPECACCESORIOSPLANTILLA,BOUTIQUE,150 LAS AMERICAS ECATEPEC,ACCESORIOS,PLANTILLA,39,1672.28,553.8
BOUTIQUE158 SENDERO IXTAPALUCAACCESORIOSBOLSA,BOUTIQUE,158 SENDERO IXTAPALUCA,ACCESORIOS,BOLSA,357,14348.7,8575
BOUTIQUE114 INSURGENTESACCESORIOSPERFUME,BOUTIQUE,114 INSURGENTES,ACCESORIOS,PERFUME,55,5836.29,1925
BOUTIQUE170 FORUM BUENAVISTAROPAPANTS,BOUTIQUE,170 FORUM BUENAVISTA,ROPA,PANTS,0,0,0
BOUTIQUE114 INSURGENTESROPAPLAYERA,BOUTIQUE,114 INSURGENTES,ROPA,PLAYERA,28,8336.25,3257
BOUTIQUE127 TENAYUCAROPAPLAYERA,BOUTIQUE,127 TENAYUCA,ROPA,PLAYERA,139,12034.22,14506
BOUTIQUE171 TLALNEPANTLA CENTROACCESORIOSBOLSA,BOUTIQUE,171 TLALNEPANTLA CENTRO,ACCESORIOS,BOLSA,200,7454.03,4804.33
BOUTIQUE167 CENTRAM MARTIN CARRERAACCESORIOSBOLSA,BOUTIQUE,167 CENTRAM MARTIN CARRERA,ACCESORIOS,BOLSA,35,3387.4,1540
BOUTIQUE114 INSURGENTESACCESORIOSLLAVERO,BOUTIQUE,114 INSURGENTES,ACCESORIOS,LLAVERO,28,838.73,252
BOUTIQUE146 CHALCOACCESORIOSMOCHILA,BOUTIQUE,146 CHALCO,ACCESORIOS,MOCHILA,18,11018.91,4190
BOUTIQUE115 LA VILLAACCESORIOSPERFUME,BOUTIQUE,115 LA VILLA,ACCESORIOS,PERFUME,58,6005.27,2030
BOUTIQUE170 FORUM BUENAVISTAACCESORIOSBOLSA,BOUTIQUE,170 FORUM BUENAVISTA,ACCESORIOS,BOLSA,287,14493.51,7630
BOUTIQUE130 TOLUCAACCESORIOSBOLSA,BOUTIQUE,130 TOLUCA,ACCESORIOS,BOLSA,22,5085.32,2069
BOUTIQUE144 5 DE MAYOROPAPLAYERA,BOUTIQUE,144 5 DE MAYO,ROPA,PLAYERA,66,18531.95,7684
BOUTIQUE127 TENAYUCAACCESORIOSLLAVERO,BOUTIQUE,127 TENAYUCA,ACCESORIOS,LLAVERO,21,647.37,209.2
BOUTIQUE159 TOWN CENTER ZUMPANGOACCESORIOSPLANTILLA,BOUTIQUE,159 TOWN CENTER ZUMPANGO,ACCESORIOS,PLANTILLA,70,2965.28,994
BOUTIQUE150 LAS AMERICAS ECATEPECACCESORIOSLIMPIEZA,BOUTIQUE,150 LAS AMERICAS ECATEPEC,ACCESORIOS,LIMPIEZA,51,7284.46,2314.46
BOUTIQUE176 TOWN CENTER TECAMACROPAPLAYERA,BOUTIQUE,176 TOWN CENTER TECAMAC,ROPA,PLAYERA,40,11559.6,4640
BOUTIQUE176 TOWN CENTER TECAMACCALZADOINYECTADO,BOUTIQUE,176 TOWN CENTER TECAMAC,CALZADO,INYECTADO,1011,330964.93,133072.9459
BOUTIQUE176 TOWN CENTER TECAMACCALZADOARMADO,BOUTIQUE,176 TOWN CENTER TECAMAC,CALZADO,ARMADO,2435,1471983.01,558453.1703
BOUTIQUE155 TOWN CENTER NICOLAS ROMEROACCESORIOSCALCETINES,BOUTIQUE,155 TOWN CENTER NICOLAS ROMERO,ACCESORIOS,CALCETINES,7,836.21,357
BOUTIQUE178 COACALCO POWER CENTERCALZADOARMADO,BOUTIQUE,178 COACALCO POWER CENTER,CALZADO,ARMADO,3497,1710400.72,781734.8891
BOUTIQUE178 COACALCO POWER CENTERCALZADOINYECTADO,BOUTIQUE,178 COACALCO POWER CENTER,CALZADO,INYECTADO,1727,437331.54,222485.9218
BOUTIQUE161 GRAN PATIO ECATEPECACCESORIOSBOLSA,BOUTIQUE,161 GRAN PATIO ECATEPEC,ACCESORIOS,BOLSA,123,6890.05,3512
BOUTIQUE144 5 DE MAYOACCESORIOSPLANTILLA,BOUTIQUE,144 5 DE MAYO,ACCESORIOS,PLANTILLA,30,1293,426
BOUTIQUE177 PUERTA ARAGONCALZADOARMADO,BOUTIQUE,177 PUERTA ARAGON,CALZADO,ARMADO,3276,1850518.82,745842.0875
BOUTIQUE177 PUERTA ARAGONCALZADOINYECTADO,BOUTIQUE,177 PUERTA ARAGON,CALZADO,INYECTADO,1429,451510.08,188633.9858
BOUTIQUE146 CHALCOACCESORIOSCALCETINES,BOUTIQUE,146 CHALCO,ACCESORIOS,CALCETINES,4,375.87,95
BOUTIQUE168 CENTRO SAN MIGUELACCESORIOSMOCHILA,BOUTIQUE,168 CENTRO SAN MIGUEL,ACCESORIOS,MOCHILA,14,9160.3,3282
BOUTIQUE155 TOWN CENTER NICOLAS ROMEROACCESORIOSMOCHILA,BOUTIQUE,155 TOWN CENTER NICOLAS ROMERO,ACCESORIOS,MOCHILA,10,6505.14,2310
BOUTIQUE153 GRAND PLAZA TOLUCAACCESORIOSLLAVERO,BOUTIQUE,153 GRAND PLAZA TOLUCA,ACCESORIOS,LLAVERO,1,30.17,9
BOUTIQUE177 PUERTA ARAGONROPAPLAYERA,BOUTIQUE,177 PUERTA ARAGON,ROPA,PLAYERA,64,17576.95,7725
BOUTIQUE156 TOWN CENTER EL ROSARIOACCESORIOSGORRA,BOUTIQUE,156 TOWN CENTER EL ROSARIO,ACCESORIOS,GORRA,1,150,123
BOUTIQUE177 PUERTA ARAGONROPASUDADERA,BOUTIQUE,177 PUERTA ARAGON,ROPA,SUDADERA,56,30146.68,13135
BOUTIQUE171 TLALNEPANTLA CENTROACCESORIOSCUBREBOCAS,BOUTIQUE,171 TLALNEPANTLA CENTRO,ACCESORIOS,CUBREBOCAS,2,51.72,55.62
BOUTIQUE157 PLAZA ERMITAACCESORIOSBOLSA,BOUTIQUE,157 PLAZA ERMITA,ACCESORIOS,BOLSA,256,10743.05,6135
BOUTIQUE176 TOWN CENTER TECAMACROPASUDADERA,BOUTIQUE,176 TOWN CENTER TECAMAC,ROPA,SUDADERA,36,21485.91,8906.5
BOUTIQUE153 GRAND PLAZA TOLUCAACCESORIOSCUBREBOCAS,BOUTIQUE,153 GRAND PLAZA TOLUCA,ACCESORIOS,CUBREBOCAS,1,25.86,27.81
BOUTIQUE159 TOWN CENTER ZUMPANGOACCESORIOSLLAVERO,BOUTIQUE,159 TOWN CENTER ZUMPANGO,ACCESORIOS,LLAVERO,28,838.91,282.3
BOUTIQUE177 PUERTA ARAGONROPACHAMARRA,BOUTIQUE,177 PUERTA ARAGON,ROPA,CHAMARRA,22,11048.26,6205.43
BOUTIQUE150 LAS AMERICAS ECATEPECACCESORIOSBOLSA,BOUTIQUE,150 LAS AMERICAS ECATEPEC,ACCESORIOS,BOLSA,268,15207.89,7460
BOUTIQUE155 TOWN CENTER NICOLAS ROMEROACCESORIOSLIMPIEZA,BOUTIQUE,155 TOWN CENTER NICOLAS ROMERO,ACCESORIOS,LIMPIEZA,43,5884.49,1854.71
BOUTIQUE177 PUERTA ARAGONACCESORIOSPERFUME,BOUTIQUE,177 PUERTA ARAGON,ACCESORIOS,PERFUME,83,8720.83,2905
BOUTIQUE146 CHALCOACCESORIOSBOLSA,BOUTIQUE,146 CHALCO,ACCESORIOS,BOLSA,301,10204.57,6440
BOUTIQUE161 GRAN PATIO ECATEPECACCESORIOSMOCHILA,BOUTIQUE,161 GRAN PATIO ECATEPEC,ACCESORIOS,MOCHILA,8,4779.28,1880
BOUTIQUE151 SENDERO TOLUCAACCESORIOSLIMPIEZA,BOUTIQUE,151 SENDERO TOLUCA,ACCESORIOS,LIMPIEZA,31,4413.8,1366.28
BOUTIQUE153 GRAND PLAZA TOLUCAROPAPANTS,BOUTIQUE,153 GRAND PLAZA TOLUCA,ROPA,PANTS,1,147.41,179
BOUTIQUE178 COACALCO POWER CENTERACCESORIOSBOLSA,BOUTIQUE,178 COACALCO POWER CENTER,ACCESORIOS,BOLSA,211,7066.49,5064.5
BOUTIQUE176 TOWN CENTER TECAMACROPACHAMARRA,BOUTIQUE,176 TOWN CENTER TECAMAC,ROPA,CHAMARRA,28,11978.44,8873.62
BOUTIQUE167 CENTRAM MARTIN CARRERAACCESORIOSLLAVERO,BOUTIQUE,167 CENTRAM MARTIN CARRERA,ACCESORIOS,LLAVERO,14,416.35,126
BOUTIQUE168 CENTRO SAN MIGUELACCESORIOSLIMPIEZA,BOUTIQUE,168 CENTRO SAN MIGUEL,ACCESORIOS,LIMPIEZA,25,3348.28,1059
BOUTIQUE176 TOWN CENTER TECAMACACCESORIOSBOLSA,BOUTIQUE,176 TOWN CENTER TECAMAC,ACCESORIOS,BOLSA,147,5330.61,3360
BOUTIQUE150 LAS AMERICAS ECATEPECACCESORIOSGORRA,BOUTIQUE,150 LAS AMERICAS ECATEPEC,ACCESORIOS,GORRA,3,550,297
BOUTIQUE167 CENTRAM MARTIN CARRERAACCESORIOSMOCHILA,BOUTIQUE,167 CENTRAM MARTIN CARRERA,ACCESORIOS,MOCHILA,12,7567.2,2772
BOUTIQUE124 SATELITEACCESORIOSCALCETINES,BOUTIQUE,124 SATELITE,ACCESORIOS,CALCETINES,4,320.7,66
BOUTIQUE176 TOWN CENTER TECAMACACCESORIOSLIMPIEZA,BOUTIQUE,176 TOWN CENTER TECAMAC,ACCESORIOS,LIMPIEZA,30,3948.79,1271.82
BOUTIQUE178 COACALCO POWER CENTERACCESORIOSLIMPIEZA,BOUTIQUE,178 COACALCO POWER CENTER,ACCESORIOS,LIMPIEZA,28,3855.18,1206.37
BOUTIQUE178 COACALCO POWER CENTERACCESORIOSLLAVERO,BOUTIQUE,178 COACALCO POWER CENTER,ACCESORIOS,LLAVERO,27,802.53,243
BOUTIQUE178 COACALCO POWER CENTERROPAPLAYERA,BOUTIQUE,178 COACALCO POWER CENTER,ROPA,PLAYERA,87,12206.28,9657
BOUTIQUE176 TOWN CENTER TECAMACACCESORIOSPLANTILLA,BOUTIQUE,176 TOWN CENTER TECAMAC,ACCESORIOS,PLANTILLA,19,818.9,269.8
BOUTIQUE177 PUERTA ARAGONACCESORIOSLLAVERO,BOUTIQUE,177 PUERTA ARAGON,ACCESORIOS,LLAVERO,35,1075.78,335.2
BOUTIQUE156 TOWN CENTER EL ROSARIOACCESORIOSLIMPIEZA,BOUTIQUE,156 TOWN CENTER EL ROSARIO,ACCESORIOS,LIMPIEZA,47,6686.19,2090.22
BOUTIQUE176 TOWN CENTER TECAMACACCESORIOSMOCHILA,BOUTIQUE,176 TOWN CENTER TECAMAC,ACCESORIOS,MOCHILA,9,5974.11,2103
BOUTIQUE159 TOWN CENTER ZUMPANGOACCESORIOSGORRA,BOUTIQUE,159 TOWN CENTER ZUMPANGO,ACCESORIOS,GORRA,1,250,99
BOUTIQUE177 PUERTA ARAGONACCESORIOSPLANTILLA,BOUTIQUE,177 PUERTA ARAGON,ACCESORIOS,PLANTILLA,45,1895.55,639
BOUTIQUE151 SENDERO TOLUCAACCESORIOSCALCETINES,BOUTIQUE,151 SENDERO TOLUCA,ACCESORIOS,CALCETINES,10,1362.06,360
BOUTIQUE104 CENTROACCESORIOSBOLSA,BOUTIQUE,104 CENTRO,ACCESORIOS,BOLSA,17,2268.43,970
BOUTIQUE171 TLALNEPANTLA CENTROACCESORIOSGORRA,BOUTIQUE,171 TLALNEPANTLA CENTRO,ACCESORIOS,GORRA,4,421.55,392
BOUTIQUE177 PUERTA ARAGONACCESORIOSMOCHILA,BOUTIQUE,177 PUERTA ARAGON,ACCESORIOS,MOCHILA,14,8330.56,3234
BOUTIQUE176 TOWN CENTER TECAMACACCESORIOSPERFUME,BOUTIQUE,176 TOWN CENTER TECAMAC,ACCESORIOS,PERFUME,51,5431.11,1785
BOUTIQUE177 PUERTA ARAGONACCESORIOSLIMPIEZA,BOUTIQUE,177 PUERTA ARAGON,ACCESORIOS,LIMPIEZA,32,4432.76,1395.87
BOUTIQUE178 COACALCO POWER CENTERROPASUDADERA,BOUTIQUE,178 COACALCO POWER CENTER,ROPA,SUDADERA,30,16110.51,7514
BOUTIQUE178 COACALCO POWER CENTERACCESORIOSPERFUME,BOUTIQUE,178 COACALCO POWER CENTER,ACCESORIOS,PERFUME,66,6872.53,2310
BOUTIQUE167 CENTRAM MARTIN CARRERAACCESORIOSLIMPIEZA,BOUTIQUE,167 CENTRAM MARTIN CARRERA,ACCESORIOS,LIMPIEZA,21,2984.49,935.59
BOUTIQUE178 COACALCO POWER CENTERROPACHAMARRA,BOUTIQUE,178 COACALCO POWER CENTER,ROPA,CHAMARRA,16,7982.77,4617.74
BOUTIQUE174 PARQUE ANTENASCALZADOARMADO,BOUTIQUE,174 PARQUE ANTENAS,CALZADO,ARMADO,2210,1375651.12,512783.2104
BOUTIQUE174 PARQUE ANTENASCALZADOINYECTADO,BOUTIQUE,174 PARQUE ANTENAS,CALZADO,INYECTADO,834,276733.59,111380.0483
BOUTIQUE174 PARQUE ANTENASROPAPLAYERA,BOUTIQUE,174 PARQUE ANTENAS,ROPA,PLAYERA,24,7095.63,2932
BOUTIQUE174 PARQUE ANTENASROPACHAMARRA,BOUTIQUE,174 PARQUE ANTENAS,ROPA,CHAMARRA,21,10844.35,5776.43
BOUTIQUE174 PARQUE ANTENASROPASUDADERA,BOUTIQUE,174 PARQUE ANTENAS,ROPA,SUDADERA,48,28703.01,11714
BOUTIQUE167 CENTRAM MARTIN CARRERAACCESORIOSPLANTILLA,BOUTIQUE,167 CENTRAM MARTIN CARRERA,ACCESORIOS,PLANTILLA,19,801.66,269.8
BOUTIQUE177 PUERTA ARAGONACCESORIOSCALCETINES,BOUTIQUE,177 PUERTA ARAGON,ACCESORIOS,CALCETINES,4,525.86,155
BOUTIQUE173 PARQUE LINDAVISTACALZADOARMADO,BOUTIQUE,173 PARQUE LINDAVISTA,CALZADO,ARMADO,2992,1803440.57,693603.0724
BOUTIQUE173 PARQUE LINDAVISTAROPASUDADERA,BOUTIQUE,173 PARQUE LINDAVISTA,ROPA,SUDADERA,106,61990.88,24875.5
BOUTIQUE173 PARQUE LINDAVISTACALZADOINYECTADO,BOUTIQUE,173 PARQUE LINDAVISTA,CALZADO,INYECTADO,990,319878.82,133602.4306
BOUTIQUE173 PARQUE LINDAVISTAROPAPLAYERA,BOUTIQUE,173 PARQUE LINDAVISTA,ROPA,PLAYERA,73,22368.82,9067
BOUTIQUE173 PARQUE LINDAVISTAACCESORIOSLIMPIEZA,BOUTIQUE,173 PARQUE LINDAVISTA,ACCESORIOS,LIMPIEZA,32,4520.69,1436.88
BOUTIQUE173 PARQUE LINDAVISTAROPACHAMARRA,BOUTIQUE,173 PARQUE LINDAVISTA,ROPA,CHAMARRA,38,21054.25,10509.43
BOUTIQUE173 PARQUE LINDAVISTAACCESORIOSPLANTILLA,BOUTIQUE,173 PARQUE LINDAVISTA,ACCESORIOS,PLANTILLA,40,1706.76,568
BOUTIQUE101 ARAGONACCESORIOSBOLSA,BOUTIQUE,101 ARAGON,ACCESORIOS,BOLSA,225,7059.34,4710
BOUTIQUE166 16 DE SEPTIEMBREACCESORIOSBOLSA,BOUTIQUE,166 16 DE SEPTIEMBRE,ACCESORIOS,BOLSA,284,15010.19,7780
BOUTIQUE174 PARQUE ANTENASACCESORIOSBOLSA,BOUTIQUE,174 PARQUE ANTENAS,ACCESORIOS,BOLSA,257,10881.89,6190
BOUTIQUE177 PUERTA ARAGONACCESORIOSBOLSA,BOUTIQUE,177 PUERTA ARAGON,ACCESORIOS,BOLSA,200,10096.8,5260
BOUTIQUE147 SAN COSMEACCESORIOSBOLSA,BOUTIQUE,147 SAN COSME,ACCESORIOS,BOLSA,93,4747.39,2490
BOUTIQUE173 PARQUE LINDAVISTAACCESORIOSBOLSA,BOUTIQUE,173 PARQUE LINDAVISTA,ACCESORIOS,BOLSA,148,5004.67,3170
BOUTIQUE173 PARQUE LINDAVISTAACCESORIOSPERFUME,BOUTIQUE,173 PARQUE LINDAVISTA,ACCESORIOS,PERFUME,50,5236.29,1750
BOUTIQUE172 COSMOPOLACCESORIOSBOLSA,BOUTIQUE,172 COSMOPOL,ACCESORIOS,BOLSA,219,9396.94,5431
BOUTIQUE169 GRAN SURACCESORIOSMOCHILA,BOUTIQUE,169 GRAN SUR,ACCESORIOS,MOCHILA,13,8098.23,3027
BOUTIQUE106 CONDESAACCESORIOSBOLSA,BOUTIQUE,106 CONDESA,ACCESORIOS,BOLSA,176,5696.93,3730
BOUTIQUE127 TENAYUCAACCESORIOSCUBREBOCAS,BOUTIQUE,127 TENAYUCA,ACCESORIOS,CUBREBOCAS,1,25.86,27.81
BOUTIQUE174 PARQUE ANTENASACCESORIOSMOCHILA,BOUTIQUE,174 PARQUE ANTENAS,ACCESORIOS,MOCHILA,15,9824.09,3441
BOUTIQUE146 CHALCOACCESORIOSGORRA,BOUTIQUE,146 CHALCO,ACCESORIOS,GORRA,1,258.62,123
BOUTIQUE151 SENDERO TOLUCAACCESORIOSBOLSA,BOUTIQUE,151 SENDERO TOLUCA,ACCESORIOS,BOLSA,26,4697.78,1780
BOUTIQUE174 PARQUE ANTENASACCESORIOSLLAVERO,BOUTIQUE,174 PARQUE ANTENAS,ACCESORIOS,LLAVERO,17,554.27,203.5
BOUTIQUE166 16 DE SEPTIEMBREACCESORIOSMOCHILA,BOUTIQUE,166 16 DE SEPTIEMBRE,ACCESORIOS,MOCHILA,24,14337.86,5560
BOUTIQUE174 PARQUE ANTENASACCESORIOSLIMPIEZA,BOUTIQUE,174 PARQUE ANTENAS,ACCESORIOS,LIMPIEZA,26,3936.2,1239.31
BOUTIQUE178 COACALCO POWER CENTERACCESORIOSPLANTILLA,BOUTIQUE,178 COACALCO POWER CENTER,ACCESORIOS,PLANTILLA,27,1146.46,383.4
BOUTIQUE182 CUAUTLACALZADOARMADO,BOUTIQUE,182 CUAUTLA,CALZADO,ARMADO,1385,594509.67,306872.9554
BOUTIQUE182 CUAUTLAROPAPLAYERA,BOUTIQUE,182 CUAUTLA,ROPA,PLAYERA,124,16886.03,12950
BOUTIQUE174 PARQUE ANTENASACCESORIOSPERFUME,BOUTIQUE,174 PARQUE ANTENAS,ACCESORIOS,PERFUME,90,9386.38,3150
BOUTIQUE173 PARQUE LINDAVISTAACCESORIOSMOCHILA,BOUTIQUE,173 PARQUE LINDAVISTA,ACCESORIOS,MOCHILA,9,5974.11,2103
BOUTIQUE182 CUAUTLAACCESORIOSPLANTILLA,BOUTIQUE,182 CUAUTLA,ACCESORIOS,PLANTILLA,10,431,142
BOUTIQUE182 CUAUTLAACCESORIOSPERFUME,BOUTIQUE,182 CUAUTLA,ACCESORIOS,PERFUME,45,4701.8,1575
BOUTIQUE182 CUAUTLAACCESORIOSBOLSA,BOUTIQUE,182 CUAUTLA,ACCESORIOS,BOLSA,59,2253.41,1598.87
BOUTIQUE182 CUAUTLACALZADOINYECTADO,BOUTIQUE,182 CUAUTLA,CALZADO,INYECTADO,566,99387.78,69204.0511
BOUTIQUE182 CUAUTLAACCESORIOSLIMPIEZA,BOUTIQUE,182 CUAUTLA,ACCESORIOS,LIMPIEZA,16,2243.09,722.77
BOUTIQUE127 TENAYUCAACCESORIOSMOCHILA,BOUTIQUE,127 TENAYUCA,ACCESORIOS,MOCHILA,7,4381.01,1609
BOUTIQUE182 CUAUTLAACCESORIOSMOCHILA,BOUTIQUE,182 CUAUTLA,ACCESORIOS,MOCHILA,4,2655.16,940
BOUTIQUE115 LA VILLAACCESORIOSMOCHILA,BOUTIQUE,115 LA VILLA,ACCESORIOS,MOCHILA,3,1991.37,701
BOUTIQUE182 CUAUTLAROPASUDADERA,BOUTIQUE,182 CUAUTLA,ROPA,SUDADERA,19,8601.05,5022
BOUTIQUE174 PARQUE ANTENASACCESORIOSPLANTILLA,BOUTIQUE,174 PARQUE ANTENAS,ACCESORIOS,PLANTILLA,22,939.58,312.4
BOUTIQUE182 CUAUTLAACCESORIOSGORRA,BOUTIQUE,182 CUAUTLA,ACCESORIOS,GORRA,11,948.31,1233
BOUTIQUE182 CUAUTLAROPAPANTS,BOUTIQUE,182 CUAUTLA,ROPA,PANTS,58,6896.58,11608
BOUTIQUE178 COACALCO POWER CENTERACCESORIOSMOCHILA,BOUTIQUE,178 COACALCO POWER CENTER,ACCESORIOS,MOCHILA,10,6372.38,2326
BOUTIQUE182 CUAUTLAROPACHAMARRA,BOUTIQUE,182 CUAUTLA,ROPA,CHAMARRA,7,2586.21,2448
BOUTIQUE173 PARQUE LINDAVISTAACCESORIOSLLAVERO,BOUTIQUE,173 PARQUE LINDAVISTA,ACCESORIOS,LLAVERO,13,431,147.3
BOUTIQUE182 CUAUTLAACCESORIOSLLAVERO,BOUTIQUE,182 CUAUTLA,ACCESORIOS,LLAVERO,13,392.21,117
BOUTIQUE110 EVENTOS ESPECIALESROPASUDADERA,BOUTIQUE,110 EVENTOS ESPECIALES,ROPA,SUDADERA,7,3560.34,1818
BOUTIQUE110 EVENTOS ESPECIALESROPAPLAYERA,BOUTIQUE,110 EVENTOS ESPECIALES,ROPA,PLAYERA,13,3656.9,1530
BOUTIQUE110 EVENTOS ESPECIALESCALZADOARMADO,BOUTIQUE,110 EVENTOS ESPECIALES,CALZADO,ARMADO,91,78728.82,23829.6596
BOUTIQUE110 EVENTOS ESPECIALESACCESORIOSPERFUME,BOUTIQUE,110 EVENTOS ESPECIALES,ACCESORIOS,PERFUME,3,310.35,105
BOUTIQUE110 EVENTOS ESPECIALESCALZADOINYECTADO,BOUTIQUE,110 EVENTOS ESPECIALES,CALZADO,INYECTADO,146,78197.71,21611.7052
BOUTIQUE110 EVENTOS ESPECIALESACCESORIOSMOCHILA,BOUTIQUE,110 EVENTOS ESPECIALES,ACCESORIOS,MOCHILA,2,1327.58,446
BOUTIQUE110 EVENTOS ESPECIALESACCESORIOSBOLSA,BOUTIQUE,110 EVENTOS ESPECIALES,ACCESORIOS,BOLSA,3,2124.14,690
BOUTIQUE110 EVENTOS ESPECIALESACCESORIOSLIMPIEZA,BOUTIQUE,110 EVENTOS ESPECIALES,ACCESORIOS,LIMPIEZA,1,189.66,59.5
BOUTIQUE179 PLAZA CENTRALACCESORIOSPLANTILLA,BOUTIQUE,179 PLAZA CENTRAL,ACCESORIOS,PLANTILLA,28,1180.94,397.6
BOUTIQUE179 PLAZA CENTRALCALZADOINYECTADO,BOUTIQUE,179 PLAZA CENTRAL,CALZADO,INYECTADO,758,219818.09,99673.5805
BOUTIQUE179 PLAZA CENTRALROPAPLAYERA,BOUTIQUE,179 PLAZA CENTRAL,ROPA,PLAYERA,35,10007.56,4105
BOUTIQUE179 PLAZA CENTRALCALZADOARMADO,BOUTIQUE,179 PLAZA CENTRAL,CALZADO,ARMADO,2614,1343523.01,593529.5978
BOUTIQUE179 PLAZA CENTRALACCESORIOSBOLSA,BOUTIQUE,179 PLAZA CENTRAL,ACCESORIOS,BOLSA,256,12026.67,6170.5
BOUTIQUE179 PLAZA CENTRALACCESORIOSMOCHILA,BOUTIQUE,179 PLAZA CENTRAL,ACCESORIOS,MOCHILA,14,9160.3,3234
BOUTIQUE179 PLAZA CENTRALROPASUDADERA,BOUTIQUE,179 PLAZA CENTRAL,ROPA,SUDADERA,69,39195.76,16646
BOUTIQUE170 FORUM BUENAVISTAVARIOS,BOUTIQUE,170 FORUM BUENAVISTA,VARIOS,,38,655.12,0
BOUTIQUE179 PLAZA CENTRALACCESORIOSPERFUME,BOUTIQUE,179 PLAZA CENTRAL,ACCESORIOS,PERFUME,75,7708.76,2625
BOUTIQUE179 PLAZA CENTRALACCESORIOSLIMPIEZA,BOUTIQUE,179 PLAZA CENTRAL,ACCESORIOS,LIMPIEZA,30,4046.53,1319.1
BOUTIQUE173 PARQUE LINDAVISTAVARIOS,BOUTIQUE,173 PARQUE LINDAVISTA,VARIOS,,8,137.92,0
BOUTIQUE179 PLAZA CENTRALROPACHAMARRA,BOUTIQUE,179 PLAZA CENTRAL,ROPA,CHAMARRA,13,7565.53,3272.62
BOUTIQUE180 PLAZA CIUDAD JARDINCALZADOARMADO,BOUTIQUE,180 PLAZA CIUDAD JARDIN,CALZADO,ARMADO,3403,2056779.97,798256.6298
BOUTIQUE180 PLAZA CIUDAD JARDINCALZADOINYECTADO,BOUTIQUE,180 PLAZA CIUDAD JARDIN,CALZADO,INYECTADO,1006,327977.96,136517.527
BOUTIQUE180 PLAZA CIUDAD JARDINACCESORIOSPERFUME,BOUTIQUE,180 PLAZA CIUDAD JARDIN,ACCESORIOS,PERFUME,89,9241.52,3115
BOUTIQUE179 PLAZA CENTRALVARIOS,BOUTIQUE,179 PLAZA CENTRAL,VARIOS,,5,86.2,0
BOUTIQUE180 PLAZA CIUDAD JARDINROPAPLAYERA,BOUTIQUE,180 PLAZA CIUDAD JARDIN,ROPA,PLAYERA,52,14821.64,6033
BOUTIQUE180 PLAZA CIUDAD JARDINACCESORIOSPLANTILLA,BOUTIQUE,180 PLAZA CIUDAD JARDIN,ACCESORIOS,PLANTILLA,36,1482.64,511.2
BOUTIQUE180 PLAZA CIUDAD JARDINROPASUDADERA,BOUTIQUE,180 PLAZA CIUDAD JARDIN,ROPA,SUDADERA,80,50030.91,19894.5
BOUTIQUE180 PLAZA CIUDAD JARDINROPACHAMARRA,BOUTIQUE,180 PLAZA CIUDAD JARDIN,ROPA,CHAMARRA,29,17086.22,7450.48
BOUTIQUE180 PLAZA CIUDAD JARDINACCESORIOSBOLSA,BOUTIQUE,180 PLAZA CIUDAD JARDIN,ACCESORIOS,BOLSA,454,20109.77,10767
BOUTIQUE180 PLAZA CIUDAD JARDINACCESORIOSLLAVERO,BOUTIQUE,180 PLAZA CIUDAD JARDIN,ACCESORIOS,LLAVERO,19,549.11,171
BOUTIQUE179 PLAZA CENTRALACCESORIOSLLAVERO,BOUTIQUE,179 PLAZA CENTRAL,ACCESORIOS,LLAVERO,19,679.26,272
BOUTIQUE180 PLAZA CIUDAD JARDINACCESORIOSMOCHILA,BOUTIQUE,180 PLAZA CIUDAD JARDIN,ACCESORIOS,MOCHILA,19,11682.69,4365
BOUTIQUE174 PARQUE ANTENASVARIOS,BOUTIQUE,174 PARQUE ANTENAS,VARIOS,,4,68.96,0
BOUTIQUE180 PLAZA CIUDAD JARDINACCESORIOSLIMPIEZA,BOUTIQUE,180 PLAZA CIUDAD JARDIN,ACCESORIOS,LIMPIEZA,30,4270.69,1363.94
BOUTIQUE180 PLAZA CIUDAD JARDINVARIOS,BOUTIQUE,180 PLAZA CIUDAD JARDIN,VARIOS,,11,189.64,0
BOUTIQUE170 FORUM BUENAVISTAACCESORIOSPIN,BOUTIQUE,170 FORUM BUENAVISTA,ACCESORIOS,PIN,24,1331.03,527.208
BOUTIQUE144 5 DE MAYOACCESORIOSPIN,BOUTIQUE,144 5 DE MAYO,ACCESORIOS,PIN,9,517.24,195.828
BOUTIQUE161 GRAN PATIO ECATEPECACCESORIOSPIN,BOUTIQUE,161 GRAN PATIO ECATEPEC,ACCESORIOS,PIN,18,991.37,376.656
BOUTIQUE124 SATELITEACCESORIOSPIN,BOUTIQUE,124 SATELITE,ACCESORIOS,PIN,16,834.47,346.472
BOUTIQUE104 CENTROACCESORIOSPIN,BOUTIQUE,104 CENTRO,ACCESORIOS,PIN,6,396.56,150.552
BOUTIQUE158 SENDERO IXTAPALUCAACCESORIOSPIN,BOUTIQUE,158 SENDERO IXTAPALUCA,ACCESORIOS,PIN,15,896.56,346.38
BOUTIQUE157 PLAZA ERMITAACCESORIOSPIN,BOUTIQUE,157 PLAZA ERMITA,ACCESORIOS,PIN,6,356.9,150.552
BOUTIQUE169 GRAN SURACCESORIOSPIN,BOUTIQUE,169 GRAN SUR,ACCESORIOS,PIN,10,639.67,255.92
BOUTIQUE114 INSURGENTESACCESORIOSPIN,BOUTIQUE,114 INSURGENTES,ACCESORIOS,PIN,15,1029.34,406.38
BOUTIQUE101 ARAGONACCESORIOSPIN,BOUTIQUE,101 ARAGON,ACCESORIOS,PIN,8,551.74,210.736
BOUTIQUE180 PLAZA CIUDAD JARDINACCESORIOSPIN,BOUTIQUE,180 PLAZA CIUDAD JARDIN,ACCESORIOS,PIN,27,1824.19,722.484
BOUTIQUE151 SENDERO TOLUCAACCESORIOSPIN,BOUTIQUE,151 SENDERO TOLUCA,ACCESORIOS,PIN,9,560.35,210.828
BOUTIQUE158 SENDERO IXTAPALUCAVARIOS,BOUTIQUE,158 SENDERO IXTAPALUCA,VARIOS,,6,103.44,0
BOUTIQUE171 TLALNEPANTLA CENTROACCESORIOSPIN,BOUTIQUE,171 TLALNEPANTLA CENTRO,ACCESORIOS,PIN,20,1263.82,511.84
BOUTIQUE146 CHALCOACCESORIOSPIN,BOUTIQUE,146 CHALCO,ACCESORIOS,PIN,10,594.83,225.92
BOUTIQUE173 PARQUE LINDAVISTAACCESORIOSPIN,BOUTIQUE,173 PARQUE LINDAVISTA,ACCESORIOS,PIN,13,856.06,331.196
BOUTIQUE172 COSMOPOLACCESORIOSPIN,BOUTIQUE,172 COSMOPOL,ACCESORIOS,PIN,13,743.1,286.196
BOUTIQUE156 TOWN CENTER EL ROSARIOACCESORIOSPIN,BOUTIQUE,156 TOWN CENTER EL ROSARIO,ACCESORIOS,PIN,14,932.78,361.288
BOUTIQUE106 CONDESAACCESORIOSPIN,BOUTIQUE,106 CONDESA,ACCESORIOS,PIN,4,275.87,105.368
BOUTIQUE166 16 DE SEPTIEMBREACCESORIOSPIN,BOUTIQUE,166 16 DE SEPTIEMBRE,ACCESORIOS,PIN,27,1781.08,737.484
BOUTIQUE159 TOWN CENTER ZUMPANGOACCESORIOSPIN,BOUTIQUE,159 TOWN CENTER ZUMPANGO,ACCESORIOS,PIN,4,275.87,105.368
BOUTIQUE117 MIXCOACACCESORIOSPIN,BOUTIQUE,117 MIXCOAC,ACCESORIOS,PIN,20,1313.82,511.84
BOUTIQUE179 PLAZA CENTRALACCESORIOSPIN,BOUTIQUE,179 PLAZA CENTRAL,ACCESORIOS,PIN,9,570.7,225.828
BOUTIQUE178 COACALCO POWER CENTERACCESORIOSPIN,BOUTIQUE,178 COACALCO POWER CENTER,ACCESORIOS,PIN,9,563.8,225.828
BOUTIQUE177 PUERTA ARAGONACCESORIOSPIN,BOUTIQUE,177 PUERTA ARAGON,ACCESORIOS,PIN,11,663.8,256.012
BOUTIQUE168 CENTRO SAN MIGUELACCESORIOSPIN,BOUTIQUE,168 CENTRO SAN MIGUEL,ACCESORIOS,PIN,7,431.04,165.644
BOUTIQUE155 TOWN CENTER NICOLAS ROMEROACCESORIOSPIN,BOUTIQUE,155 TOWN CENTER NICOLAS ROMERO,ACCESORIOS,PIN,14,718.95,286.288
BOUTIQUE150 LAS AMERICAS ECATEPECACCESORIOSPIN,BOUTIQUE,150 LAS AMERICAS ECATEPEC,ACCESORIOS,PIN,13,725.86,286.196
BOUTIQUE147 SAN COSMEACCESORIOSPIN,BOUTIQUE,147 SAN COSME,ACCESORIOS,PIN,9,510.34,195.828
BOUTIQUE115 LA VILLAACCESORIOSPIN,BOUTIQUE,115 LA VILLA,ACCESORIOS,PIN,5,337.94,135.46
BOUTIQUE176 TOWN CENTER TECAMACACCESORIOSPIN,BOUTIQUE,176 TOWN CENTER TECAMAC,ACCESORIOS,PIN,5,241.37,90.46
BOUTIQUE168 CENTRO SAN MIGUELACCESORIOSCUBREBOCAS,BOUTIQUE,168 CENTRO SAN MIGUEL,ACCESORIOS,CUBREBOCAS,1,12.93,27.81
BOUTIQUE128 TEXCOCOACCESORIOSPIN,BOUTIQUE,128 TEXCOCO,ACCESORIOS,PIN,6,365.52,150.552
BOUTIQUE167 CENTRAM MARTIN CARRERAACCESORIOSPIN,BOUTIQUE,167 CENTRAM MARTIN CARRERA,ACCESORIOS,PIN,6,353.45,135.552
BOUTIQUE130 TOLUCAACCESORIOSPIN,BOUTIQUE,130 TOLUCA,ACCESORIOS,PIN,4,217.24,90.368
BOUTIQUE174 PARQUE ANTENASACCESORIOSPIN,BOUTIQUE,174 PARQUE ANTENAS,ACCESORIOS,PIN,10,527.58,210.92
BOUTIQUE160 GRAN PATIO CHALCOACCESORIOSPIN,BOUTIQUE,160 GRAN PATIO CHALCO,ACCESORIOS,PIN,8,414.66,195.736
BOUTIQUE127 TENAYUCAACCESORIOSCALCETINES,BOUTIQUE,127 TENAYUCA,ACCESORIOS,CALCETINES,1,47.41,35
BOUTIQUE178 COACALCO POWER CENTERACCESORIOSCALCETINES,BOUTIQUE,178 COACALCO POWER CENTER,ACCESORIOS,CALCETINES,2,159.49,60
BOUTIQUE161 GRAN PATIO ECATEPECVARIOS,BOUTIQUE,161 GRAN PATIO ECATEPEC,VARIOS,,1,0,0
BOUTIQUE175 METROPOLI PATRIOTISMOCALZADOARMADO,BOUTIQUE,175 METROPOLI PATRIOTISMO,CALZADO,ARMADO,805,437543.46,187962.6396
BOUTIQUE175 METROPOLI PATRIOTISMOCALZADOINYECTADO,BOUTIQUE,175 METROPOLI PATRIOTISMO,CALZADO,INYECTADO,267,74836.43,37229.9951
BOUTIQUE175 METROPOLI PATRIOTISMOROPAPLAYERA,BOUTIQUE,175 METROPOLI PATRIOTISMO,ROPA,PLAYERA,5,1363.8,584
BOUTIQUE175 METROPOLI PATRIOTISMOACCESORIOSBOLSA,BOUTIQUE,175 METROPOLI PATRIOTISMO,ACCESORIOS,BOLSA,94,4529.64,2300
BOUTIQUE175 METROPOLI PATRIOTISMOACCESORIOSMOCHILA,BOUTIQUE,175 METROPOLI PATRIOTISMO,ACCESORIOS,MOCHILA,9,5708.59,2103
BOUTIQUE175 METROPOLI PATRIOTISMOROPASUDADERA,BOUTIQUE,175 METROPOLI PATRIOTISMO,ROPA,SUDADERA,11,6735.87,2491.5
BOUTIQUE175 METROPOLI PATRIOTISMOACCESORIOSPERFUME,BOUTIQUE,175 METROPOLI PATRIOTISMO,ACCESORIOS,PERFUME,21,2136.24,735
BOUTIQUE175 METROPOLI PATRIOTISMOACCESORIOSLIMPIEZA,BOUTIQUE,175 METROPOLI PATRIOTISMO,ACCESORIOS,LIMPIEZA,16,2168.96,700.35
BOUTIQUE182 CUAUTLAACCESORIOSPIN,BOUTIQUE,182 CUAUTLA,ACCESORIOS,PIN,3,158.62,75.276
BOUTIQUE176 TOWN CENTER TECAMACACCESORIOSLLAVERO,BOUTIQUE,176 TOWN CENTER TECAMAC,ACCESORIOS,LLAVERO,5,132.76,45
BOUTIQUE175 METROPOLI PATRIOTISMOACCESORIOSPLANTILLA,BOUTIQUE,175 METROPOLI PATRIOTISMO,ACCESORIOS,PLANTILLA,9,353.42,127.8
BOUTIQUE184 LEON CENTROCALZADOINYECTADO,BOUTIQUE,184 LEON CENTRO,CALZADO,INYECTADO,727,182129.26,92114.3499
BOUTIQUE184 LEON CENTROCALZADOARMADO,BOUTIQUE,184 LEON CENTRO,CALZADO,ARMADO,666,328850.11,147538.5075
BOUTIQUE185 MULSA LEONCALZADOARMADO,BOUTIQUE,185 MULSA LEON,CALZADO,ARMADO,366,196299.47,81646.0341
BOUTIQUE185 MULSA LEONCALZADOINYECTADO,BOUTIQUE,185 MULSA LEON,CALZADO,INYECTADO,381,87009.27,48293.538
BOUTIQUE184 LEON CENTROROPASUDADERA,BOUTIQUE,184 LEON CENTRO,ROPA,SUDADERA,6,3722.76,1411
BOUTIQUE184 LEON CENTROACCESORIOSPLANTILLA,BOUTIQUE,184 LEON CENTRO,ACCESORIOS,PLANTILLA,3,120.68,42.6
BOUTIQUE184 LEON CENTROACCESORIOSPERFUME,BOUTIQUE,184 LEON CENTRO,ACCESORIOS,PERFUME,11,1232.77,385
BOUTIQUE150 LAS AMERICAS ECATEPECACCESORIOS,BOUTIQUE,150 LAS AMERICAS ECATEPEC,ACCESORIOS,,12,931.08,210
BOUTIQUE150 LAS AMERICAS ECATEPECACCESORIOSCALCETINES,BOUTIQUE,150 LAS AMERICAS ECATEPEC,ACCESORIOS,CALCETINES,5,344.85,0
BOUTIQUE185 MULSA LEONACCESORIOSPERFUME,BOUTIQUE,185 MULSA LEON,ACCESORIOS,PERFUME,13,1456.91,455
BOUTIQUE166 16 DE SEPTIEMBREACCESORIOSCALCETINES,BOUTIQUE,166 16 DE SEPTIEMBRE,ACCESORIOS,CALCETINES,5,344.85,0
BOUTIQUE173 PARQUE LINDAVISTAACCESORIOS,BOUTIQUE,173 PARQUE LINDAVISTA,ACCESORIOS,,7,543.13,122.5
BOUTIQUE185 MULSA LEONACCESORIOSBOLSA,BOUTIQUE,185 MULSA LEON,ACCESORIOS,BOLSA,11,1094.82,430
BOUTIQUE185 MULSA LEONACCESORIOSPLANTILLA,BOUTIQUE,185 MULSA LEON,ACCESORIOS,PLANTILLA,3,129.3,42.6
BOUTIQUE171 TLALNEPANTLA CENTROACCESORIOS,BOUTIQUE,171 TLALNEPANTLA CENTRO,ACCESORIOS,,2,126.47,35
BOUTIQUE155 TOWN CENTER NICOLAS ROMEROACCESORIOS,BOUTIQUE,155 TOWN CENTER NICOLAS ROMERO,ACCESORIOS,,12,931.08,210
BOUTIQUE175 METROPOLI PATRIOTISMOROPACHAMARRA,BOUTIQUE,175 METROPOLI PATRIOTISMO,ROPA,CHAMARRA,3,2327.58,885.43
BOUTIQUE170 FORUM BUENAVISTAACCESORIOS,BOUTIQUE,170 FORUM BUENAVISTA,ACCESORIOS,,11,853.49,192.5
BOUTIQUE179 PLAZA CENTRALACCESORIOS,BOUTIQUE,179 PLAZA CENTRAL,ACCESORIOS,,3,232.77,52.5
BOUTIQUE179 PLAZA CENTRALACCESORIOSCALCETINES,BOUTIQUE,179 PLAZA CENTRAL,ACCESORIOS,CALCETINES,5,344.85,0
BOUTIQUE185 MULSA LEONACCESORIOSPIN,BOUTIQUE,185 MULSA LEON,ACCESORIOS,PIN,3,163.79,60.276
BOUTIQUE101 ARAGONACCESORIOSCALCETINES,BOUTIQUE,101 ARAGON,ACCESORIOS,CALCETINES,3,206.91,0
BOUTIQUE177 PUERTA ARAGONACCESORIOS,BOUTIQUE,177 PUERTA ARAGON,ACCESORIOS,,2,155.18,35
BOUTIQUE106 CONDESAACCESORIOS,BOUTIQUE,106 CONDESA,ACCESORIOS,,10,775.9,175
BOUTIQUE127 TENAYUCAACCESORIOS,BOUTIQUE,127 TENAYUCA,ACCESORIOS,,3,232.77,52.5
BOUTIQUE146 CHALCOACCESORIOS,BOUTIQUE,146 CHALCO,ACCESORIOS,,4,310.36,70
BOUTIQUE101 ARAGONACCESORIOS,BOUTIQUE,101 ARAGON,ACCESORIOS,,4,310.36,70
BOUTIQUE184 LEON CENTROACCESORIOSMOCHILA,BOUTIQUE,184 LEON CENTRO,ACCESORIOS,MOCHILA,1,663.79,223
BOUTIQUE117 MIXCOACACCESORIOS,BOUTIQUE,117 MIXCOAC,ACCESORIOS,,5,387.95,87.5
BOUTIQUE144 5 DE MAYOACCESORIOSCALCETINES,BOUTIQUE,144 5 DE MAYO,ACCESORIOS,CALCETINES,2,137.94,0
BOUTIQUE157 PLAZA ERMITAACCESORIOS,BOUTIQUE,157 PLAZA ERMITA,ACCESORIOS,,6,465.54,105
BOUTIQUE114 INSURGENTESACCESORIOSCALCETINES,BOUTIQUE,114 INSURGENTES,ACCESORIOS,CALCETINES,3,206.91,0
BOUTIQUE180 PLAZA CIUDAD JARDINACCESORIOS,BOUTIQUE,180 PLAZA CIUDAD JARDIN,ACCESORIOS,,7,543.13,122.5
BOUTIQUE184 LEON CENTROACCESORIOS,BOUTIQUE,184 LEON CENTRO,ACCESORIOS,,2,155.18,35
BOUTIQUE158 SENDERO IXTAPALUCAACCESORIOS,BOUTIQUE,158 SENDERO IXTAPALUCA,ACCESORIOS,,10,775.9,175
BOUTIQUE157 PLAZA ERMITAROPAPANTS,BOUTIQUE,157 PLAZA ERMITA,ROPA,PANTS,2,172.42,350
BOUTIQUE172 COSMOPOLACCESORIOSCALCETINES,BOUTIQUE,172 COSMOPOL,ACCESORIOS,CALCETINES,6,413.82,0
BOUTIQUE172 COSMOPOLACCESORIOS,BOUTIQUE,172 COSMOPOL,ACCESORIOS,,3,232.77,52.5
BOUTIQUE169 GRAN SURACCESORIOS,BOUTIQUE,169 GRAN SUR,ACCESORIOS,,4,310.36,70
BOUTIQUE185 MULSA LEONACCESORIOSCALCETINES,BOUTIQUE,185 MULSA LEON,ACCESORIOS,CALCETINES,1,68.97,0
BOUTIQUE124 SATELITEACCESORIOS,BOUTIQUE,124 SATELITE,ACCESORIOS,,12,756.48,210
BOUTIQUE106 CONDESAACCESORIOSCALCETINES,BOUTIQUE,106 CONDESA,ACCESORIOS,CALCETINES,3,206.91,0
BOUTIQUE170 FORUM BUENAVISTAACCESORIOSCALCETINES,BOUTIQUE,170 FORUM BUENAVISTA,ACCESORIOS,CALCETINES,5,344.85,0
BOUTIQUE144 5 DE MAYOACCESORIOS,BOUTIQUE,144 5 DE MAYO,ACCESORIOS,,4,310.36,70
BOUTIQUE175 METROPOLI PATRIOTISMOACCESORIOS,BOUTIQUE,175 METROPOLI PATRIOTISMO,ACCESORIOS,,2,155.18,35
BOUTIQUE175 METROPOLI PATRIOTISMOACCESORIOSPIN,BOUTIQUE,175 METROPOLI PATRIOTISMO,ACCESORIOS,PIN,4,206.89,75.368
BOUTIQUE173 PARQUE LINDAVISTAACCESORIOSCALCETINES,BOUTIQUE,173 PARQUE LINDAVISTA,ACCESORIOS,CALCETINES,6,413.82,0
BOUTIQUE185 MULSA LEONACCESORIOS,BOUTIQUE,185 MULSA LEON,ACCESORIOS,,1,77.59,17.5
BOUTIQUE158 SENDERO IXTAPALUCAACCESORIOSCALCETINES,BOUTIQUE,158 SENDERO IXTAPALUCA,ACCESORIOS,CALCETINES,9,620.73,0
BOUTIQUE180 PLAZA CIUDAD JARDINACCESORIOSCALCETINES,BOUTIQUE,180 PLAZA CIUDAD JARDIN,ACCESORIOS,CALCETINES,3,206.91,0
BOUTIQUE185 MULSA LEONACCESORIOSMOCHILA,BOUTIQUE,185 MULSA LEON,ACCESORIOS,MOCHILA,1,663.79,223
BOUTIQUE157 PLAZA ERMITAACCESORIOSCALCETINES,BOUTIQUE,157 PLAZA ERMITA,ACCESORIOS,CALCETINES,5,344.85,0
BOUTIQUE184 LEON CENTROROPACHAMARRA,BOUTIQUE,184 LEON CENTRO,ROPA,CHAMARRA,1,603.45,214
BOUTIQUE130 TOLUCAACCESORIOS,BOUTIQUE,130 TOLUCA,ACCESORIOS,,6,465.54,105
BOUTIQUE128 TEXCOCOACCESORIOS,BOUTIQUE,128 TEXCOCO,ACCESORIOS,,3,232.77,52.5
BOUTIQUE159 TOWN CENTER ZUMPANGOACCESORIOS,BOUTIQUE,159 TOWN CENTER ZUMPANGO,ACCESORIOS,,7,543.13,122.5
BOUTIQUE168 CENTRO SAN MIGUELACCESORIOS,BOUTIQUE,168 CENTRO SAN MIGUEL,ACCESORIOS,,1,77.59,17.5
BOUTIQUE115 LA VILLAACCESORIOS,BOUTIQUE,115 LA VILLA,ACCESORIOS,,1,77.59,17.5
BOUTIQUE174 PARQUE ANTENASACCESORIOS,BOUTIQUE,174 PARQUE ANTENAS,ACCESORIOS,,5,387.95,87.5
BOUTIQUE156 TOWN CENTER EL ROSARIOACCESORIOS,BOUTIQUE,156 TOWN CENTER EL ROSARIO,ACCESORIOS,,4,310.36,70
BOUTIQUE114 INSURGENTESACCESORIOS,BOUTIQUE,114 INSURGENTES,ACCESORIOS,,1,77.59,17.5
BOUTIQUE184 LEON CENTROACCESORIOSBOLSA,BOUTIQUE,184 LEON CENTRO,ACCESORIOS,BOLSA,3,100.86,60
BOUTIQUE169 GRAN SURACCESORIOSCALCETINES,BOUTIQUE,169 GRAN SUR,ACCESORIOS,CALCETINES,4,275.88,0
BOUTIQUE184 LEON CENTROACCESORIOSPIN,BOUTIQUE,184 LEON CENTRO,ACCESORIOS,PIN,2,155.18,60.184
BOUTIQUE185 MULSA LEONROPACHAMARRA,BOUTIQUE,185 MULSA LEON,ROPA,CHAMARRA,3,1120.69,749
BOUTIQUE147 SAN COSMEACCESORIOSCALCETINES,BOUTIQUE,147 SAN COSME,ACCESORIOS,CALCETINES,1,68.97,0
BOUTIQUE178 COACALCO POWER CENTERACCESORIOS,BOUTIQUE,178 COACALCO POWER CENTER,ACCESORIOS,,3,232.77,52.5
BOUTIQUE185 MULSA LEONACCESORIOSLLAVERO,BOUTIQUE,185 MULSA LEON,ACCESORIOS,LLAVERO,1,30.17,9
BOUTIQUE166 16 DE SEPTIEMBREACCESORIOS,BOUTIQUE,166 16 DE SEPTIEMBRE,ACCESORIOS,,1,77.59,17.5
BOUTIQUE160 GRAN PATIO CHALCOACCESORIOS,BOUTIQUE,160 GRAN PATIO CHALCO,ACCESORIOS,,1,77.59,17.5
BOUTIQUE151 SENDERO TOLUCAACCESORIOS,BOUTIQUE,151 SENDERO TOLUCA,ACCESORIOS,,1,77.59,17.5
BOUTIQUE175 METROPOLI PATRIOTISMOACCESORIOSCALCETINES,BOUTIQUE,175 METROPOLI PATRIOTISMO,ACCESORIOS,CALCETINES,1,68.97,0
FRANQUICIAS139 CUAUHTEMOCCALZADOINYECTADO,FRANQUICIAS,139 CUAUHTEMOC,CALZADO,INYECTADO,65,8956.84,7183.704
FRANQUICIAS139 CUAUHTEMOCCALZADOARMADO,FRANQUICIAS,139 CUAUHTEMOC,CALZADO,ARMADO,97,48472.28,22642.7577
FRANQUICIASFRANQUICIASVARIOS,FRANQUICIAS,FRANQUICIAS,VARIOS,,-1894,-1121435.73,-71711.75
FRANQUICIASFRANQUICIASCALZADOARMADO,FRANQUICIAS,FRANQUICIAS,CALZADO,ARMADO,47458,18690256.45,10667215.75
FRANQUICIASFRANQUICIASCALZADOINYECTADO,FRANQUICIAS,FRANQUICIAS,CALZADO,INYECTADO,29665,6322401.41,3883626.143
FRANQUICIASFRANQUICIASACCESORIOSPERFUME,FRANQUICIAS,FRANQUICIAS,ACCESORIOS,PERFUME,249,11091,8715
FRANQUICIASFRANQUICIASROPAPLAYERA,FRANQUICIAS,FRANQUICIAS,ROPA,PLAYERA,-4,-512.72,-430
FRANQUICIASFRANQUICIASROPAPANTS,FRANQUICIAS,FRANQUICIAS,ROPA,PANTS,-2,-256.36,-405
,ONLINE,,CALZADO,ARMADO,2,698.28,285.5277
FRANQUICIASFRANQUICIASROPACHAMARRA,FRANQUICIAS,FRANQUICIAS,ROPA,CHAMARRA,-4,-1607,-965
FRANQUICIASFRANQUICIASROPASUDADERA,FRANQUICIAS,FRANQUICIAS,ROPA,SUDADERA,98,29811,18007.5
FRANQUICIASFRANQUICIASMATERIA PRIMA,FRANQUICIAS,FRANQUICIAS,MATERIA PRIMA,,90,900,609
FRANQUICIAS109 CUAUTITLANCALZADOARMADO,FRANQUICIAS,109 CUAUTITLAN,CALZADO,ARMADO,9,1519.82,1437.1093
FRANQUICIAS109 CUAUTITLANCALZADOINYECTADO,FRANQUICIAS,109 CUAUTITLAN,CALZADO,INYECTADO,21,2860.35,2188.5945
FRANQUICIAS109 CUAUTITLANROPAPLAYERA,FRANQUICIAS,109 CUAUTITLAN,ROPA,PLAYERA,4,275.95,350
FRANQUICIAS109 CUAUTITLANACCESORIOSBOLSA,FRANQUICIAS,109 CUAUTITLAN,ACCESORIOS,BOLSA,50,431,1000
FRANQUICIAS139 CUAUHTEMOCACCESORIOSBOLSA,FRANQUICIAS,139 CUAUHTEMOC,ACCESORIOS,BOLSA,1,758.62,230
FRANQUICIAS139 CUAUHTEMOCROPAPLAYERA,FRANQUICIAS,139 CUAUHTEMOC,ROPA,PLAYERA,10,2956.06,1197
FRANQUICIASFRANQUICIASACCESORIOSLIMPIEZA,FRANQUICIAS,FRANQUICIAS,ACCESORIOS,LIMPIEZA,144,12528,7073.76
FRANQUICIASFRANQUICIASACCESORIOS,FRANQUICIAS,FRANQUICIAS,ACCESORIOS,,240,7920,4200
FRANQUICIAS150 LAS AMERICAS ECATEPECCALZADOARMADO,FRANQUICIAS,150 LAS AMERICAS ECATEPEC,CALZADO,ARMADO,6,5474.15,1595.6817
FRANQUICIAS176 TOWN CENTER TECAMACCALZADOARMADO,FRANQUICIAS,176 TOWN CENTER TECAMAC,CALZADO,ARMADO,6,5646.56,1559.4245
ONLINETIENDA EN LINEAACCESORIOSGORRA,ONLINE,TIENDA EN LINEA,ACCESORIOS,GORRA,12,1882.72,1188
ONLINETIENDA EN LINEACALZADOINYECTADO,ONLINE,TIENDA EN LINEA,CALZADO,INYECTADO,10717,3105193.48,1459115.136
ONLINETIENDA EN LINEACALZADOARMADO,ONLINE,TIENDA EN LINEA,CALZADO,ARMADO,36315,19765409.69,8391507.918
ONLINETIENDA EN LINEAACCESORIOSLLAVERO,ONLINE,TIENDA EN LINEA,ACCESORIOS,LLAVERO,317,32935.45,2853
ONLINETIENDA EN LINEAACCESORIOSPERFUME,ONLINE,TIENDA EN LINEA,ACCESORIOS,PERFUME,864,105640.01,30240
ONLINETIENDA EN LINEAACCESORIOSLIMPIEZA,ONLINE,TIENDA EN LINEA,ACCESORIOS,LIMPIEZA,493,80764.54,21129.06
ONLINETIENDA EN LINEAACCESORIOSPLANTILLA,ONLINE,TIENDA EN LINEA,ACCESORIOS,PLANTILLA,518,47708.88,7355.6
ONLINETIENDA EN LINEAROPACHAMARRA,ONLINE,TIENDA EN LINEA,ROPA,CHAMARRA,253,99285.82,79125.05
ONLINETIENDA EN LINEAROPAPLAYERA,ONLINE,TIENDA EN LINEA,ROPA,PLAYERA,408,102717.72,49332
ONLINETIENDA EN LINEAVARIOS,ONLINE,TIENDA EN LINEA,VARIOS,,414,916182.43,0
ONLINETIENDA EN LINEAROPASUDADERA,ONLINE,TIENDA EN LINEA,ROPA,SUDADERA,509,258579.25,130559
ONLINECADENAS DE ZAPATERIASVARIOS,ONLINE,CADENAS DE ZAPATERIAS,VARIOS,,-1,-1106,-73.25
MARKETPLACECOPPEL MKPCALZADOINYECTADO,MARKETPLACE,COPPEL MKP,CALZADO,INYECTADO,369,142218.68,52408.3765
MARKETPLACECOPPEL MKPCALZADOARMADO,MARKETPLACE,COPPEL MKP,CALZADO,ARMADO,633,386450.42,145084.4986
MARKETPLACEAMAZONCALZADOARMADO,MARKETPLACE,AMAZON,CALZADO,ARMADO,3437,2292228.45,838296.3387
MARKETPLACEAMAZONCALZADOINYECTADO,MARKETPLACE,AMAZON,CALZADO,INYECTADO,1321,514530.6,198811.7316
ONLINETIENDA EN LINEAACCESORIOSCUBREBOCAS,ONLINE,TIENDA EN LINEA,ACCESORIOS,CUBREBOCAS,19,2095.09,528.39
ONLINETIENDA EN LINEAACCESORIOSMOCHILA,ONLINE,TIENDA EN LINEA,ACCESORIOS,MOCHILA,85,53021.61,19499
MARKETPLACEMERCADO LIBRECALZADOINYECTADO,MARKETPLACE,MERCADO LIBRE,CALZADO,INYECTADO,5654,2270832.54,849415.1475
MARKETPLACEMERCADO LIBRECALZADOARMADO,MARKETPLACE,MERCADO LIBRE,CALZADO,ARMADO,12853,8349320.33,3043977.65
ONLINETIENDA EN LINEAACCESORIOSBOLSA,ONLINE,TIENDA EN LINEA,ACCESORIOS,BOLSA,49,30911.96,11275.93
ONLINEDETALLISTASCALZADOINYECTADO,ONLINE,DETALLISTAS,CALZADO,INYECTADO,0,0,0
ONLINEDETALLISTASCALZADOARMADO,ONLINE,DETALLISTAS,CALZADO,ARMADO,0,0,0
MARKETPLACEMERCADO LIBREROPASUDADERA,MARKETPLACE,MERCADO LIBRE,ROPA,SUDADERA,110,77803.68,28394
MARKETPLACEAMAZONVARIOS,MARKETPLACE,AMAZON,VARIOS,,2,240.52,0
MARKETPLACEMERCADO LIBREROPAPLAYERA,MARKETPLACE,MERCADO LIBRE,ROPA,PLAYERA,5,1637.95,595
MARKETPLACETIK TOKCALZADOINYECTADO,MARKETPLACE,TIK TOK,CALZADO,INYECTADO,1294,501324.91,192915.2596
MARKETPLACETIK TOKCALZADOARMADO,MARKETPLACE,TIK TOK,CALZADO,ARMADO,4507,2669965.64,1105906.591
MARKETPLACEWALMARTCALZADOARMADO,MARKETPLACE,WALMART,CALZADO,ARMADO,14,7710.34,3130.4779
MARKETPLACEWALMARTCALZADOINYECTADO,MARKETPLACE,WALMART,CALZADO,INYECTADO,5,1996.54,779.9976
MARKETPLACETIK TOKACCESORIOSPERFUME,MARKETPLACE,TIK TOK,ACCESORIOS,PERFUME,20,2069,700
MARKETPLACELIVERPOOLVARIOS,MARKETPLACE,LIVERPOOL,VARIOS,,1,3414.65,0
MARKETPLACETIK TOKACCESORIOSLLAVERO,MARKETPLACE,TIK TOK,ACCESORIOS,LLAVERO,9,271.53,81
MARKETPLACETIK TOKROPAPLAYERA,MARKETPLACE,TIK TOK,ROPA,PLAYERA,6,1408.62,704
ONLINETIENDA EN LINEAACCESORIOSCALCETINES,ONLINE,TIENDA EN LINEA,ACCESORIOS,CALCETINES,18,2816.29,215
MARKETPLACETIK TOKACCESORIOSPLANTILLA,MARKETPLACE,TIK TOK,ACCESORIOS,PLANTILLA,25,1077.58,355
MARKETPLACETIK TOKACCESORIOSMOCHILA,MARKETPLACE,TIK TOK,ACCESORIOS,MOCHILA,5,2879.3,1147
MARKETPLACESHOPINBAZCALZADOINYECTADO,MARKETPLACE,SHOPINBAZ,CALZADO,INYECTADO,181,65378.6,26266.637
MARKETPLACESHOPINBAZCALZADOARMADO,MARKETPLACE,SHOPINBAZ,CALZADO,ARMADO,511,324477.67,120490.3421
MARKETPLACETIK TOKACCESORIOSLIMPIEZA,MARKETPLACE,TIK TOK,ACCESORIOS,LIMPIEZA,9,1148.27,368.53
MARKETPLACETIK TOKROPACHAMARRA,MARKETPLACE,TIK TOK,ROPA,CHAMARRA,18,9400.86,5021.67
MARKETPLACETIK TOKVARIOS,MARKETPLACE,TIK TOK,VARIOS,,-4,-52764.7,0
ONLINEWICORECALZADOARMADO,ONLINE,WICORE,CALZADO,ARMADO,5,2276.47,1169.5706
ONLINEWICORECALZADOINYECTADO,ONLINE,WICORE,CALZADO,INYECTADO,1,430.17,130.301
ONLINETIENDA EN LINEAACCESORIOSPIN,ONLINE,TIENDA EN LINEA,ACCESORIOS,PIN,66,7814.65,1506.072
ONLINECOPPELCALZADOINYECTADO,ONLINE,COPPEL,CALZADO,INYECTADO,0,0,0
ONLINECOPPELCALZADOARMADO,ONLINE,COPPEL,CALZADO,ARMADO,0,0,0
ONLINECOPPELACCESORIOSPERFUME,ONLINE,COPPEL,ACCESORIOS,PERFUME,0,0,0
ONLINECOPPELACCESORIOSMOCHILA,ONLINE,COPPEL,ACCESORIOS,MOCHILA,0,0,0
ONLINECOPPELROPAPLAYERA,ONLINE,COPPEL,ROPA,PLAYERA,0,0,0
ONLINECOPPELVARIOS,ONLINE,COPPEL,VARIOS,,0,0,0
MARKETPLACETIK TOKROPASUDADERA,MARKETPLACE,TIK TOK,ROPA,SUDADERA,39,21012.06,9743.5
ONLINETIENDA EN LINEAACCESORIOS,ONLINE,TIENDA EN LINEA,ACCESORIOS,,82,10281.17,1435
MARKETPLACETIK TOKACCESORIOSBOLSA,MARKETPLACE,TIK TOK,ACCESORIOS,BOLSA,3,1681.03,690
MARKETPLACECOPPEL MKPROPASUDADERA,MARKETPLACE,COPPEL MKP,ROPA,SUDADERA,1,723.28,259
MARKETPLACELIVERPOOLCALZADOINYECTADO,MARKETPLACE,LIVERPOOL,CALZADO,INYECTADO,35,12858.79,4853.8737
MARKETPLACELIVERPOOLCALZADOARMADO,MARKETPLACE,LIVERPOOL,CALZADO,ARMADO,162,128295.48,37023.1068
MARKETPLACELIVERPOOLACCESORIOSBOLSA,MARKETPLACE,LIVERPOOL,ACCESORIOS,BOLSA,1,424.4,230
MARKETPLACELIVERPOOLACCESORIOSLIMPIEZA,MARKETPLACE,LIVERPOOL,ACCESORIOS,LIMPIEZA,2,189.66,59.18
MARKETPLACELIVERPOOLACCESORIOSMOCHILA,MARKETPLACE,LIVERPOOL,ACCESORIOS,MOCHILA,1,663.79,239
MARKETPLACELIVERPOOLROPASUDADERA,MARKETPLACE,LIVERPOOL,ROPA,SUDADERA,4,1742.25,1158
MARKETPLACELIVERPOOLACCESORIOS,MARKETPLACE,LIVERPOOL,ACCESORIOS,,1,77.59,17.5
OUTLET119 NAUCALPAN 1CALZADOINYECTADO,OUTLET,119 NAUCALPAN 1,CALZADO,INYECTADO,9377,1497774.64,1158612.858
OUTLET119 NAUCALPAN 1CALZADOARMADO,OUTLET,119 NAUCALPAN 1,CALZADO,ARMADO,5469,1522490.83,1010456.676
OUTLET120 NAUCALPAN 2CALZADOARMADO,OUTLET,120 NAUCALPAN 2,CALZADO,ARMADO,4408,1094505.9,809952.3419
OUTLET133 ZINACANTEPECCALZADOARMADO,OUTLET,133 ZINACANTEPEC,CALZADO,ARMADO,916,320405.91,174963.5207
OUTLET139 CUAUHTEMOCCALZADOINYECTADO,OUTLET,139 CUAUHTEMOC,CALZADO,INYECTADO,3964,718209.12,466338.3925
OUTLET129 TLAHUACCALZADOINYECTADO,OUTLET,129 TLAHUAC,CALZADO,INYECTADO,1356,246415.56,148532.5533
OUTLET109 CUAUTITLANCALZADOINYECTADO,OUTLET,109 CUAUTITLAN,CALZADO,INYECTADO,55516,3904573.82,5694651.304
OUTLET120 NAUCALPAN 2CALZADOINYECTADO,OUTLET,120 NAUCALPAN 2,CALZADO,INYECTADO,7815,1205902.49,960674.6744
OUTLET129 TLAHUACCALZADOARMADO,OUTLET,129 TLAHUAC,CALZADO,ARMADO,1271,590170.14,277173.8178
OUTLET129 TLAHUACACCESORIOSBOLSA,OUTLET,129 TLAHUAC,ACCESORIOS,BOLSA,160,4221.42,4346.66
OUTLET109 CUAUTITLANCALZADOARMADO,OUTLET,109 CUAUTITLAN,CALZADO,ARMADO,10449,2642766.61,2047632.47
OUTLET133 ZINACANTEPECROPACHAMARRA,OUTLET,133 ZINACANTEPEC,ROPA,CHAMARRA,11,4686.19,3983
OUTLET133 ZINACANTEPECCALZADOINYECTADO,OUTLET,133 ZINACANTEPEC,CALZADO,INYECTADO,1124,174050.18,116231.2537
OUTLET139 CUAUHTEMOCROPACHAMARRA,OUTLET,139 CUAUHTEMOC,ROPA,CHAMARRA,21,5836.18,6675
OUTLET109 CUAUTITLANROPACHAMARRA,OUTLET,109 CUAUTITLAN,ROPA,CHAMARRA,61,22126.69,18560.81
OUTLET109 CUAUTITLANACCESORIOSBOLSA,OUTLET,109 CUAUTITLAN,ACCESORIOS,BOLSA,3026,52221.04,63526.59
OUTLET139 CUAUHTEMOCCALZADOARMADO,OUTLET,139 CUAUHTEMOC,CALZADO,ARMADO,4879,1968618.66,998681.7626
OUTLET139 CUAUHTEMOCACCESORIOSPLANTILLA,OUTLET,139 CUAUHTEMOC,ACCESORIOS,PLANTILLA,24,1034.4,340.8
OUTLET148 PORTALESCALZADOINYECTADO,OUTLET,148 PORTALES,CALZADO,INYECTADO,675,139178.63,77511.4603
OUTLET148 PORTALESCALZADOARMADO,OUTLET,148 PORTALES,CALZADO,ARMADO,775,338861.42,162347.3361
OUTLET120 NAUCALPAN 2ROPAPLAYERA,OUTLET,120 NAUCALPAN 2,ROPA,PLAYERA,93,7817.16,9448
OUTLET120 NAUCALPAN 2ACCESORIOSBOLSA,OUTLET,120 NAUCALPAN 2,ACCESORIOS,BOLSA,166,6387.65,4767.55
OUTLET133 ZINACANTEPECACCESORIOSBOLSA,OUTLET,133 ZINACANTEPEC,ACCESORIOS,BOLSA,138,1521.45,2975.93
OUTLET119 NAUCALPAN 1ACCESORIOSLLAVERO,OUTLET,119 NAUCALPAN 1,ACCESORIOS,LLAVERO,20,603.4,180
OUTLET119 NAUCALPAN 1ACCESORIOSPLANTILLA,OUTLET,119 NAUCALPAN 1,ACCESORIOS,PLANTILLA,34,1465.4,482.8
OUTLET120 NAUCALPAN 2ROPAPANTS,OUTLET,120 NAUCALPAN 2,ROPA,PANTS,18,2409.4,3690
OUTLET129 TLAHUACROPAPANTS,OUTLET,129 TLAHUAC,ROPA,PANTS,4,470.68,796
OUTLET119 NAUCALPAN 1ROPAPLAYERA,OUTLET,119 NAUCALPAN 1,ROPA,PLAYERA,97,9031.29,10122
OUTLET129 TLAHUACACCESORIOSPLANTILLA,OUTLET,129 TLAHUAC,ACCESORIOS,PLANTILLA,16,689.6,227.2
OUTLET119 NAUCALPAN 1ACCESORIOSBOLSA,OUTLET,119 NAUCALPAN 1,ACCESORIOS,BOLSA,249,7737.59,5898.98
OUTLET129 TLAHUACROPAPLAYERA,OUTLET,129 TLAHUAC,ROPA,PLAYERA,19,1709.86,1914
OUTLET119 NAUCALPAN 1ROPASUDADERA,OUTLET,119 NAUCALPAN 1,ROPA,SUDADERA,36,7793.11,8935
OUTLET109 CUAUTITLANROPASUDADERA,OUTLET,109 CUAUTITLAN,ROPA,SUDADERA,41,11096.5,9444.5
OUTLET109 CUAUTITLANROPAPLAYERA,OUTLET,109 CUAUTITLAN,ROPA,PLAYERA,171,21240.28,18755
OUTLET129 TLAHUACROPACHAMARRA,OUTLET,129 TLAHUAC,ROPA,CHAMARRA,8,2284.46,2345
OUTLET133 ZINACANTEPECACCESORIOSPLANTILLA,OUTLET,133 ZINACANTEPEC,ACCESORIOS,PLANTILLA,11,474.1,156.2
OUTLET133 ZINACANTEPECROPAPLAYERA,OUTLET,133 ZINACANTEPEC,ROPA,PLAYERA,55,4819.59,5702
OUTLET133 ZINACANTEPECROPAPANTS,OUTLET,133 ZINACANTEPEC,ROPA,PANTS,6,909.89,1147
OUTLET129 TLAHUACACCESORIOSLIMPIEZA,OUTLET,129 TLAHUAC,ACCESORIOS,LIMPIEZA,24,3577.6,1112.87
OUTLET139 CUAUHTEMOCACCESORIOSCUBREBOCAS,OUTLET,139 CUAUHTEMOC,ACCESORIOS,CUBREBOCAS,51,1034.42,1418.31
OUTLET120 NAUCALPAN 2ROPACHAMARRA,OUTLET,120 NAUCALPAN 2,ROPA,CHAMARRA,26,7448.22,8564
OUTLET133 ZINACANTEPECACCESORIOSCALCETINES,OUTLET,133 ZINACANTEPEC,ACCESORIOS,CALCETINES,5,374.15,200
OUTLET139 CUAUHTEMOCROPAPLAYERA,OUTLET,139 CUAUHTEMOC,ROPA,PLAYERA,154,16614.65,15893
OUTLET139 CUAUHTEMOCACCESORIOSLLAVERO,OUTLET,139 CUAUHTEMOC,ACCESORIOS,LLAVERO,29,874.93,261
OUTLET120 NAUCALPAN 2ACCESORIOSPLANTILLA,OUTLET,120 NAUCALPAN 2,ACCESORIOS,PLANTILLA,16,689.6,227.2
OUTLET139 CUAUHTEMOCACCESORIOSPERFUME,OUTLET,139 CUAUHTEMOC,ACCESORIOS,PERFUME,61,6465.26,2135
OUTLET148 PORTALESROPASUDADERA,OUTLET,148 PORTALES,ROPA,SUDADERA,15,4206.01,4030
OUTLET148 PORTALESACCESORIOSBOLSA,OUTLET,148 PORTALES,ACCESORIOS,BOLSA,35,1155.14,1347.79
OUTLET139 CUAUHTEMOCACCESORIOSBOLSA,OUTLET,139 CUAUHTEMOC,ACCESORIOS,BOLSA,274,7990.32,6687.95
OUTLET148 PORTALESROPAPLAYERA,OUTLET,148 PORTALES,ROPA,PLAYERA,49,6801.84,5330
OUTLET148 PORTALESACCESORIOSPERFUME,OUTLET,148 PORTALES,ACCESORIOS,PERFUME,13,1344.85,455
OUTLET133 ZINACANTEPECACCESORIOSPERFUME,OUTLET,133 ZINACANTEPEC,ACCESORIOS,PERFUME,15,1551.75,525
OUTLET148 PORTALESACCESORIOSPLANTILLA,OUTLET,148 PORTALES,ACCESORIOS,PLANTILLA,15,646.5,213
OUTLET109 CUAUTITLANACCESORIOSPLANTILLA,OUTLET,109 CUAUTITLAN,ACCESORIOS,PLANTILLA,6,224.12,85.2
OUTLET119 NAUCALPAN 1ACCESORIOSPERFUME,OUTLET,119 NAUCALPAN 1,ACCESORIOS,PERFUME,28,2956.94,980
OUTLET133 ZINACANTEPECACCESORIOSLIMPIEZA,OUTLET,133 ZINACANTEPEC,ACCESORIOS,LIMPIEZA,10,1560.35,487.85
OUTLET129 TLAHUACACCESORIOSLLAVERO,OUTLET,129 TLAHUAC,ACCESORIOS,LLAVERO,10,301.7,90
OUTLET129 TLAHUACACCESORIOSGORRA,OUTLET,129 TLAHUAC,ACCESORIOS,GORRA,2,210.78,170
OUTLET148 PORTALESACCESORIOSLIMPIEZA,OUTLET,148 PORTALES,ACCESORIOS,LIMPIEZA,11,1560.35,487.53
OUTLET119 NAUCALPAN 1ACCESORIOSLIMPIEZA,OUTLET,119 NAUCALPAN 1,ACCESORIOS,LIMPIEZA,16,2408.64,768.88
OUTLET109 CUAUTITLANACCESORIOSLIMPIEZA,OUTLET,109 CUAUTITLAN,ACCESORIOS,LIMPIEZA,18,2525.88,849.26
OUTLET139 CUAUHTEMOCACCESORIOSLIMPIEZA,OUTLET,139 CUAUHTEMOC,ACCESORIOS,LIMPIEZA,27,3723.57,1160.68
OUTLET133 ZINACANTEPECROPASUDADERA,OUTLET,133 ZINACANTEPEC,ROPA,SUDADERA,5,854.3,1253
OUTLET133 ZINACANTEPECACCESORIOSLLAVERO,OUTLET,133 ZINACANTEPEC,ACCESORIOS,LLAVERO,7,211.19,63
OUTLET129 TLAHUACROPASUDADERA,OUTLET,129 TLAHUAC,ROPA,SUDADERA,7,2887.94,1960
OUTLET120 NAUCALPAN 2ROPASUDADERA,OUTLET,120 NAUCALPAN 2,ROPA,SUDADERA,27,5464.67,6654
OUTLET120 NAUCALPAN 2ACCESORIOSLLAVERO,OUTLET,120 NAUCALPAN 2,ACCESORIOS,LLAVERO,9,271.53,81
OUTLET139 CUAUHTEMOCROPASUDADERA,OUTLET,139 CUAUHTEMOC,ROPA,SUDADERA,22,5206.93,5641
OUTLET148 PORTALESROPACHAMARRA,OUTLET,148 PORTALES,ROPA,CHAMARRA,18,6223.25,5884
OUTLET109 CUAUTITLANACCESORIOSMOCHILA,OUTLET,109 CUAUTITLAN,ACCESORIOS,MOCHILA,4,2172.4,908
OUTLET120 NAUCALPAN 2ACCESORIOSLIMPIEZA,OUTLET,120 NAUCALPAN 2,ACCESORIOS,LIMPIEZA,9,1275.88,400.88
OUTLET148 PORTALESACCESORIOSLLAVERO,OUTLET,148 PORTALES,ACCESORIOS,LLAVERO,6,181.02,54
OUTLET109 CUAUTITLANROPAPANTS,OUTLET,109 CUAUTITLAN,ROPA,PANTS,4,474.13,781
OUTLET129 TLAHUACACCESORIOSPERFUME,OUTLET,129 TLAHUAC,ACCESORIOS,PERFUME,22,2293.14,770
OUTLET109 CUAUTITLANACCESORIOSPERFUME,OUTLET,109 CUAUTITLAN,ACCESORIOS,PERFUME,12,1181.06,420
OUTLET120 NAUCALPAN 2ACCESORIOSPERFUME,OUTLET,120 NAUCALPAN 2,ACCESORIOS,PERFUME,13,1320.72,455
OUTLET109 CUAUTITLANACCESORIOSCALCETINES,OUTLET,109 CUAUTITLAN,ACCESORIOS,CALCETINES,9,493.08,514.25
OUTLET109 CUAUTITLANACCESORIOSLLAVERO,OUTLET,109 CUAUTITLAN,ACCESORIOS,LLAVERO,5,99.13,45
OUTLET109 CUAUTITLANACCESORIOSGORRA,OUTLET,109 CUAUTITLAN,ACCESORIOS,GORRA,1,254.31,99
OUTLET148 PORTALESACCESORIOSCUBREBOCAS,OUTLET,148 PORTALES,ACCESORIOS,CUBREBOCAS,1,15.52,27.81
OUTLET133 ZINACANTEPECACCESORIOSGORRA,OUTLET,133 ZINACANTEPEC,ACCESORIOS,GORRA,3,258.63,297
OUTLET119 NAUCALPAN 1ROPACHAMARRA,OUTLET,119 NAUCALPAN 1,ROPA,CHAMARRA,15,5758.64,4650
OUTLET148 PORTALESACCESORIOSMOCHILA,OUTLET,148 PORTALES,ACCESORIOS,MOCHILA,2,1327.58,462
OUTLET119 NAUCALPAN 1ACCESORIOSGORRA,OUTLET,119 NAUCALPAN 1,ACCESORIOS,GORRA,5,431.05,495
OUTLET139 CUAUHTEMOCACCESORIOSGORRA,OUTLET,139 CUAUHTEMOC,ACCESORIOS,GORRA,1,86.21,123
OUTLET139 CUAUHTEMOCACCESORIOSMOCHILA,OUTLET,139 CUAUHTEMOC,ACCESORIOS,MOCHILA,2,1327.58,478
OUTLET120 NAUCALPAN 2ACCESORIOSGORRA,OUTLET,120 NAUCALPAN 2,ACCESORIOS,GORRA,1,43.1,123
OUTLET120 NAUCALPAN 2ACCESORIOSCUBREBOCAS,OUTLET,120 NAUCALPAN 2,ACCESORIOS,CUBREBOCAS,2,25.86,55.62
OUTLET119 NAUCALPAN 1ROPAPANTS,OUTLET,119 NAUCALPAN 1,ROPA,PANTS,1,172.41,205
OUTLET120 NAUCALPAN 2ACCESORIOSMOCHILA,OUTLET,120 NAUCALPAN 2,ACCESORIOS,MOCHILA,2,1327.58,462
OUTLET129 TLAHUACACCESORIOSMOCHILA,OUTLET,129 TLAHUAC,ACCESORIOS,MOCHILA,2,1327.58,478
OUTLET139 CUAUHTEMOCROPAPANTS,OUTLET,139 CUAUHTEMOC,ROPA,PANTS,1,129.31,171
OUTLET109 CUAUTITLANMATERIA PRIMA,OUTLET,109 CUAUTITLAN,MATERIA PRIMA,,851,4974.91,6495.15
OUTLET119 NAUCALPAN 1ACCESORIOSCUBREBOCAS,OUTLET,119 NAUCALPAN 1,ACCESORIOS,CUBREBOCAS,2,51.72,55.62
OUTLET139 CUAUHTEMOCACCESORIOSCALCETINES,OUTLET,139 CUAUHTEMOC,ACCESORIOS,CALCETINES,5,301.73,70
OUTLET119 NAUCALPAN 1ACCESORIOSMOCHILA,OUTLET,119 NAUCALPAN 1,ACCESORIOS,MOCHILA,1,663.79,239
OUTLET119 NAUCALPAN 1ACCESORIOS,OUTLET,119 NAUCALPAN 1,ACCESORIOS,,1,77.59,17.5
OUTLET119 NAUCALPAN 1ACCESORIOSCALCETINES,OUTLET,119 NAUCALPAN 1,ACCESORIOS,CALCETINES,2,137.94,0
OUTLET139 CUAUHTEMOCACCESORIOS,OUTLET,139 CUAUHTEMOC,ACCESORIOS,,3,232.77,52.5
OUTLET120 NAUCALPAN 2ACCESORIOS,OUTLET,120 NAUCALPAN 2,ACCESORIOS,,1,77.59,17.5
OUTLET109 CUAUTITLANACCESORIOS,OUTLET,109 CUAUTITLAN,ACCESORIOS,,1,51.72,17.5
PLANTACADENAS DE ZAPATERIASVARIOS,PLANTA,CADENAS DE ZAPATERIAS,VARIOS,,-2478,-2076045.55,-162175.5
PLANTACATALOGUEROSVARIOS,PLANTA,CATALOGUEROS,VARIOS,,-765,-3522771.41,-15236
PLANTACATALOGUEROSCALZADOARMADO,PLANTA,CATALOGUEROS,CALZADO,ARMADO,167975,57426751.49,34415517.23
PLANTADEPARTAMENTALVARIOS,PLANTA,DEPARTAMENTAL,VARIOS,,-506,-4354460.35,-146.5
PLANTACOPPELCALZADOINYECTADO,PLANTA,COPPEL,CALZADO,INYECTADO,304429,48763061.82,35367468.31
PLANTACATALOGUEROSCALZADOINYECTADO,PLANTA,CATALOGUEROS,CALZADO,INYECTADO,140374,27914390.58,17539967.36
PLANTACADENAS DE ZAPATERIASCALZADOINYECTADO,PLANTA,CADENAS DE ZAPATERIAS,CALZADO,INYECTADO,154454,31951002.69,20110528.3
PLANTACADENAS DE ZAPATERIASCALZADOARMADO,PLANTA,CADENAS DE ZAPATERIAS,CALZADO,ARMADO,105304,35966154.29,21992465.11
PLANTAOUTLETCALZADOINYECTADO,PLANTA,OUTLET,CALZADO,INYECTADO,0,0,0
PLANTACOPPELVARIOS,PLANTA,COPPEL,VARIOS,,-19,-90546.82,0
PLANTAMAYORISTASVARIOS,PLANTA,MAYORISTAS,VARIOS,,-540,-671968.74,-14650
PLANTACOPPELCALZADOARMADO,PLANTA,COPPEL,CALZADO,ARMADO,42868,12698606.71,8624548.387
PLANTAMAYORISTASCALZADOINYECTADO,PLANTA,MAYORISTAS,CALZADO,INYECTADO,24427,4050611.7,3420250.608
PLANTADETALLISTASVARIOS,PLANTA,DETALLISTAS,VARIOS,,-57,-670045.89,0
PLANTADEPARTAMENTALCALZADOARMADO,PLANTA,DEPARTAMENTAL,CALZADO,ARMADO,25377,9702797.86,5569306.594
PLANTADEPARTAMENTALCALZADOINYECTADO,PLANTA,DEPARTAMENTAL,CALZADO,INYECTADO,40619,10015287.23,5395503.002
PLANTAAHAVACALZADOINYECTADO,PLANTA,AHAVA,CALZADO,INYECTADO,11553,803110,1451844.821
PLANTAAHAVACALZADOARMADO,PLANTA,AHAVA,CALZADO,ARMADO,29358,3664060,6225154.037
PLANTAMAYORISTASCALZADOARMADO,PLANTA,MAYORISTAS,CALZADO,ARMADO,57975,16305908.28,12644083.1
PLANTADETALLISTASCALZADOINYECTADO,PLANTA,DETALLISTAS,CALZADO,INYECTADO,9368,2345501.61,1347857.329
PLANTACONSIGNACIONCALZADOINYECTADO,PLANTA,CONSIGNACION,CALZADO,INYECTADO,2089,452373,254880.7359
PLANTACONSIGNACIONCALZADOARMADO,PLANTA,CONSIGNACION,CALZADO,ARMADO,3508,1294692,740611.136
PLANTACONSIGNACIONMATERIA PRIMA,PLANTA,CONSIGNACION,MATERIA PRIMA,,1600,16000,9760
PLANTADETALLISTASCALZADOARMADO,PLANTA,DETALLISTAS,CALZADO,ARMADO,11738,4554373.25,2528917.482
PLANTAVENTA ESPECIALIZADACALZADOARMADO,PLANTA,VENTA ESPECIALIZADA,CALZADO,ARMADO,1885,849350,461327.5969
PLANTAVENTA ESPECIALIZADACALZADOINYECTADO,PLANTA,VENTA ESPECIALIZADA,CALZADO,INYECTADO,-1,-470,-229.9125
PLANTADETALLISTASMATERIA PRIMA,PLANTA,DETALLISTAS,MATERIA PRIMA,,100,1000,610
PLANTAALMACEN GENERAL 00CALZADOARMADO,PLANTA,ALMACEN GENERAL 00,CALZADO,ARMADO,377,139172,70807.0206
PLANTAALMACEN GENERAL 00CALZADOINYECTADO,PLANTA,ALMACEN GENERAL 00,CALZADO,INYECTADO,3,835.2,532.4007
PLANTACLIENTES DIRECTOSCALZADOARMADO,PLANTA,CLIENTES DIRECTOS,CALZADO,ARMADO,385,200200,101616.3241
PLANTATIENDA EN LINEAROPAPLAYERA,PLANTA,TIENDA EN LINEA,ROPA,PLAYERA,-2,-376.29,-234
PLANTATIENDA EN LINEACALZADOARMADO,PLANTA,TIENDA EN LINEA,CALZADO,ARMADO,25806,418564.33,4757839.796
PLANTATIENDA EN LINEAACCESORIOSPLANTILLA,PLANTA,TIENDA EN LINEA,ACCESORIOS,PLANTILLA,-3,-129.3,-42.6
PLANTATIENDA EN LINEAVARIOS,PLANTA,TIENDA EN LINEA,VARIOS,,-8,-860.37,0
PLANTAAHAVAVARIOS,PLANTA,AHAVA,VARIOS,,-3,-20396.04,0
PLANTATIENDA EN LINEACALZADOINYECTADO,PLANTA,TIENDA EN LINEA,CALZADO,INYECTADO,5375,101072.19,684801.6387
PLANTAJURIDICOCALZADOARMADO,PLANTA,JURIDICO,CALZADO,ARMADO,116,50212,28708.1209
PLANTACADENAS DE ZAPATERIASROPACHAMARRA,PLANTA,CADENAS DE ZAPATERIAS,ROPA,CHAMARRA,-1,-500,-300
PLANTATIENDA EN LINEAACCESORIOSLLAVERO,PLANTA,TIENDA EN LINEA,ACCESORIOS,LLAVERO,-1,-30.17,-9
PLANTAJURIDICOCALZADOINYECTADO,PLANTA,JURIDICO,CALZADO,INYECTADO,117,26915,15540.9033
